PLAYER_ID,SEASON_START_YEAR,TS_PCT,AGE,SEASON_FGA_EST,PREV_TS_PCT,PREV_SEASON
2544,2022,0.583,38.0,1221.0,0.619,2021.0
2544,2023,0.63,39.0,1270.8999999999999,0.583,2022.0
2544,2024,0.604,40.0,1267.0,0.63,2023.0
2544,2025,0.594,41.0,918.0,0.604,2024.0
101108,2022,0.555,38.0,666.7,0.581,2021.0
101108,2023,0.544,39.0,469.79999999999995,0.555,2022.0
101108,2024,0.58,40.0,582.1999999999999,0.544,2023.0
101108,2025,0.413,41.0,56.0,0.58,2024.0
200752,2022,0.475,36.0,285.59999999999997,0.539,2021.0
200768,2022,0.565,37.0,484.00000000000006,0.6,2021.0
200768,2023,0.594,38.0,378.0,0.565,2022.0
200768,2024,0.525,39.0,115.5,0.594,2023.0
200782,2022,0.566,38.0,225.0,0.593,2021.0
201142,2022,0.677,34.0,860.1,0.634,2021.0
201142,2023,0.626,35.0,1432.5,0.677,2022.0
201142,2024,0.642,36.0,1122.2,0.626,2023.0
201142,2025,0.641,37.0,1372.8000000000002,0.642,2024.0
201143,2022,0.631,37.0,478.79999999999995,0.574,2021.0
201143,2023,0.65,38.0,416.0,0.631,2022.0
201143,2024,0.563,39.0,462.0,0.65,2023.0
201143,2025,0.554,40.0,324.0,0.563,2024.0
201144,2022,0.583,35.0,609.6999999999999,0.572,2021.0
201144,2023,0.627,36.0,646.0,0.583,2022.0
201144,2024,0.573,37.0,468.59999999999997,0.627,2023.0
201144,2025,0.517,38.0,216.0,0.573,2024.0
201145,2022,0.576,36.0,330.40000000000003,0.627,2021.0
201145,2023,0.59,37.0,366.6,0.576,2022.0
201145,2024,0.649,38.0,121.6,0.59,2023.0
201145,2025,0.477,39.0,69.0,0.649,2024.0
201152,2022,0.573,35.0,199.8,0.548,2021.0
201152,2023,0.598,36.0,108.89999999999999,0.573,2022.0
201565,2022,0.463,34.0,159.3,0.541,2021.0
201565,2023,0.54,35.0,165.60000000000002,0.463,2022.0
201566,2022,0.513,34.0,992.8,0.512,2021.0
201566,2023,0.514,35.0,666.4000000000001,0.513,2022.0
201566,2024,0.532,36.0,832.5,0.514,2023.0
201566,2025,0.528,37.0,838.4,0.532,2024.0
201567,2022,0.548,34.0,421.59999999999997,0.594,2021.0
201567,2023,0.597,35.0,357.5,0.548,2022.0
201567,2024,0.488,36.0,115.0,0.597,2023.0
201567,2025,0.568,37.0,199.8,0.488,2024.0
201569,2022,0.587,34.0,655.5,0.614,2021.0
201569,2023,0.58,35.0,618.8,0.587,2022.0
201569,2024,0.591,36.0,202.8,0.58,2023.0
201572,2022,0.63,35.0,897.0,0.57,2021.0
201572,2023,0.608,36.0,758.4,0.63,2022.0
201572,2024,0.624,37.0,776.0,0.608,2023.0
201572,2025,0.552,38.0,540.0,0.624,2024.0
201577,2022,0.675,35.0,74.0,0.57,2021.0
201580,2022,0.65,35.0,126.0,0.651,2021.0
201580,2023,0.609,36.0,133.4,0.65,2022.0
201586,2022,0.553,33.0,54.4,0.579,2021.0
201587,2022,0.594,34.0,382.20000000000005,0.608,2021.0
201587,2023,0.603,35.0,258.0,0.594,2022.0
201587,2024,0.633,36.0,241.8,0.603,2023.0
201587,2025,0.603,37.0,236.8,0.633,2024.0
201588,2022,0.61,37.0,165.6,0.552,2021.0
201599,2022,0.731,34.0,113.1,0.641,2021.0
201599,2023,0.61,35.0,93.60000000000001,0.731,2022.0
201599,2024,0.621,36.0,140.0,0.61,2023.0
201609,2022,0.514,37.0,336.4,0.474,2021.0
201933,2022,0.59,34.0,131.20000000000002,0.518,2021.0
201935,2022,0.607,33.0,841.0,0.583,2021.0
201935,2023,0.612,34.0,820.8000000000001,0.607,2022.0
201935,2024,0.582,35.0,1295.6,0.612,2023.0
201935,2025,0.61,36.0,1120.0,0.582,2024.0
201937,2022,0.442,32.0,178.20000000000002,0.488,2021.0
201939,2022,0.656,35.0,1131.2,0.601,2021.0
201939,2023,0.616,36.0,1443.0,0.656,2022.0
201939,2024,0.618,37.0,1260.0,0.616,2023.0
201939,2025,0.637,38.0,799.8000000000001,0.618,2024.0
201942,2022,0.592,33.0,1302.4,0.59,2021.0
201942,2023,0.584,34.0,1358.8,0.592,2022.0
201942,2024,0.569,35.0,1309.0,0.584,2023.0
201942,2025,0.594,36.0,1008.6999999999999,0.569,2024.0
201950,2022,0.586,33.0,1025.1000000000001,0.593,2021.0
201950,2023,0.597,34.0,690.0,0.586,2022.0
201950,2024,0.565,35.0,570.4,0.597,2023.0
201950,2025,0.573,36.0,710.2,0.565,2024.0
201959,2022,0.585,38.0,127.4,0.606,2021.0
201976,2022,0.534,34.0,361.8,0.539,2021.0
201976,2023,0.539,35.0,379.6,0.534,2022.0
201988,2022,0.554,34.0,208.0,0.563,2021.0
201988,2023,0.467,35.0,131.2,0.554,2022.0
201988,2024,0.543,36.0,95.69999999999999,0.467,2023.0
202066,2024,0.406,39.0,58.800000000000004,0.502,2023.0
202083,2022,0.519,36.0,161.20000000000002,0.536,2021.0
202083,2023,0.511,37.0,97.2,0.519,2022.0
202330,2022,0.563,33.0,580.0,0.57,2021.0
202330,2023,0.548,34.0,402.90000000000003,0.563,2022.0
202331,2022,0.588,33.0,1002.3999999999999,0.538,2021.0
202331,2023,0.613,34.0,1235.8,0.588,2022.0
202331,2024,0.543,35.0,569.9,0.613,2023.0
202331,2025,0.57,36.0,514.3000000000001,0.543,2024.0
202397,2022,0.407,34.0,129.0,0.465,2021.0
202397,2023,0.435,35.0,159.1,0.407,2022.0
202681,2022,0.613,31.0,1206.0,0.592,2021.0
202681,2023,0.608,32.0,1131.0,0.613,2022.0
202681,2024,0.594,33.0,944.9999999999999,0.608,2023.0
202684,2024,0.41,34.0,72.0,0.567,2023.0
202685,2022,0.61,31.0,813.7,0.617,2021.0
202685,2023,0.619,32.0,721.6,0.61,2022.0
202685,2024,0.602,33.0,623.7,0.619,2023.0
202685,2025,0.63,34.0,390.0,0.602,2024.0
202687,2022,0.555,30.0,207.4,0.596,2021.0
202687,2023,0.562,31.0,132.0,0.555,2022.0
202687,2024,0.576,32.0,114.79999999999998,0.562,2023.0
202689,2022,0.543,33.0,56.699999999999996,0.537,2021.0
202691,2022,0.576,33.0,1248.9,0.547,2021.0
202691,2023,0.576,34.0,1131.8999999999999,0.576,2022.0
202691,2024,0.552,35.0,878.4,0.576,2023.0
202691,2025,0.541,36.0,731.4,0.552,2024.0
202692,2022,0.602,31.0,459.0,0.559,2021.0
202692,2023,0.536,32.0,567.6,0.602,2022.0
202692,2024,0.608,33.0,269.5,0.536,2023.0
202693,2022,0.553,33.0,115.5,0.547,2021.0
202693,2023,0.467,34.0,67.60000000000001,0.553,2022.0
202693,2024,0.385,35.0,70.5,0.467,2023.0
202694,2022,0.534,33.0,643.5,0.549,2021.0
202694,2023,0.558,34.0,264.6,0.534,2022.0
202695,2023,0.626,33.0,1162.8000000000002,0.623,2022.0
202695,2024,0.589,34.0,621.6,0.626,2023.0
202695,2025,0.629,35.0,1261.0,0.589,2024.0
202696,2022,0.594,32.0,1148.0,0.533,2021.0
202696,2023,0.54,33.0,1208.4,0.594,2022.0
202696,2024,0.611,34.0,1036.6,0.54,2023.0
202696,2025,0.574,35.0,800.0,0.611,2024.0
202699,2022,0.602,30.0,843.6,0.566,2021.0
202699,2023,0.576,31.0,952.0,0.602,2022.0
202699,2024,0.571,32.0,803.0,0.576,2023.0
202699,2025,0.574,33.0,661.5,0.571,2024.0
202704,2022,0.514,33.0,639.2,0.488,2021.0
202704,2023,0.521,34.0,754.4,0.514,2022.0
202704,2024,0.496,35.0,133.29999999999998,0.521,2023.0
202709,2022,0.558,31.0,353.40000000000003,0.579,2021.0
202709,2023,0.47,32.0,65.0,0.558,2022.0
202709,2024,0.547,33.0,155.0,0.47,2023.0
202710,2022,0.647,33.0,889.6,0.592,2021.0
202710,2023,0.626,34.0,792.0,0.647,2022.0
202710,2024,0.626,35.0,599.5,0.626,2023.0
202710,2025,0.646,36.0,463.59999999999997,0.626,2024.0
202711,2022,0.627,34.0,879.1,0.599,2021.0
202711,2023,0.581,35.0,678.3000000000001,0.627,2022.0
202722,2022,0.618,30.0,162.0,0.531,2021.0
202722,2023,0.583,31.0,232.20000000000002,0.618,2022.0
203076,2022,0.627,30.0,963.1999999999999,0.578,2021.0
203076,2023,0.621,31.0,1284.3999999999999,0.627,2022.0
203076,2024,0.588,32.0,907.8000000000001,0.621,2023.0
203076,2025,0.551,33.0,334.0,0.588,2024.0
203078,2022,0.593,30.0,880.0000000000001,0.539,2021.0
203078,2023,0.607,31.0,736.7,0.593,2022.0
203078,2024,0.598,32.0,694.3,0.607,2023.0
203081,2022,0.645,32.0,1200.6,0.55,2021.0
203081,2023,0.59,33.0,1277.5,0.645,2022.0
203081,2024,0.621,34.0,991.8000000000001,0.59,2023.0
203082,2022,0.544,32.0,466.20000000000005,0.515,2021.0
203083,2022,0.606,29.0,274.7,0.574,2021.0
203083,2023,0.576,30.0,481.9,0.606,2022.0
203083,2024,0.535,31.0,236.0,0.576,2023.0
203083,2025,0.539,32.0,333.9,0.535,2024.0
203084,2022,0.632,31.0,787.1999999999999,0.623,2021.0
203084,2023,0.611,32.0,729.8000000000001,0.632,2022.0
203084,2024,0.656,33.0,680.6,0.611,2023.0
203084,2025,0.608,34.0,577.5,0.656,2024.0
203085,2022,0.564,30.0,208.0,0.546,2021.0
203095,2022,0.471,30.0,164.7,0.554,2021.0
203095,2023,0.464,31.0,220.8,0.471,2022.0
203109,2022,0.624,32.0,93.60000000000001,0.541,2021.0
203109,2023,0.546,33.0,270.0,0.624,2022.0
203110,2022,0.592,33.0,474.5,0.582,2021.0
203110,2023,0.587,34.0,374.0,0.592,2022.0
203110,2024,0.534,35.0,510.0,0.587,2023.0
203110,2025,0.54,36.0,489.6,0.534,2024.0
203114,2022,0.551,31.0,405.90000000000003,0.577,2021.0
203114,2023,0.595,32.0,643.5,0.551,2022.0
203114,2024,0.588,33.0,336.7,0.595,2023.0
203114,2025,0.533,34.0,541.8,0.588,2024.0
203115,2022,0.493,32.0,364.0,0.548,2021.0
203200,2022,0.494,34.0,202.4,0.543,2021.0
203200,2023,0.598,35.0,191.39999999999998,0.494,2022.0
203210,2022,0.65,33.0,250.8,0.587,2021.0
203458,2024,0.525,32.0,64.39999999999999,0.625,2023.0
203468,2022,0.541,31.0,1342.5,0.553,2021.0
203468,2023,0.592,32.0,1056.0,0.541,2022.0
203468,2024,0.55,33.0,1002.3999999999999,0.592,2023.0
203468,2025,0.566,34.0,1155.2,0.55,2024.0
203469,2022,0.659,30.0,58.5,0.627,2021.0
203469,2023,0.483,31.0,60.199999999999996,0.659,2022.0
203471,2022,0.545,29.0,646.8000000000001,0.539,2021.0
203471,2023,0.55,30.0,928.0,0.545,2022.0
203471,2024,0.531,31.0,825.0,0.55,2023.0
203471,2025,0.526,32.0,630.0,0.531,2024.0
203473,2022,0.577,33.0,152.0,0.632,2021.0
203476,2022,0.493,33.0,117.8,0.624,2021.0
203482,2022,0.643,32.0,557.5999999999999,0.561,2021.0
203482,2023,0.661,33.0,499.20000000000005,0.643,2022.0
203482,2024,0.609,34.0,268.4,0.661,2023.0
203482,2025,0.59,35.0,96.6,0.609,2024.0
203484,2022,0.598,30.0,630.8000000000001,0.568,2021.0
203484,2023,0.602,31.0,585.2,0.598,2022.0
203484,2024,0.574,32.0,546.6999999999999,0.602,2023.0
203484,2025,0.533,33.0,367.2,0.574,2024.0
203486,2022,0.689,33.0,481.9,0.603,2021.0
203486,2023,0.621,34.0,151.79999999999998,0.689,2022.0
203486,2024,0.645,35.0,199.8,0.621,2023.0
203488,2022,0.608,31.0,289.79999999999995,0.63,2021.0
203488,2023,0.47,33.0,153.7,0.608,2022.0
203493,2022,0.577,32.0,468.0,0.558,2021.0
203493,2023,0.582,33.0,83.6,0.577,2022.0
203496,2022,0.584,32.0,230.39999999999998,0.572,2021.0
203496,2023,0.58,33.0,98.6,0.584,2022.0
203497,2022,0.675,31.0,546.0,0.732,2021.0
203497,2023,0.675,32.0,615.6,0.675,2022.0
203497,2024,0.687,33.0,511.2,0.675,2023.0
203497,2025,0.664,34.0,494.0,0.687,2024.0
203500,2022,0.564,29.0,264.59999999999997,0.56,2021.0
203500,2025,0.535,32.0,137.6,0.541,2024.0
203501,2022,0.554,31.0,844.9,0.52,2021.0
203501,2023,0.542,32.0,979.6,0.554,2022.0
203501,2024,0.567,33.0,677.6,0.542,2023.0
203501,2025,0.624,34.0,776.0,0.567,2024.0
203506,2022,0.513,31.0,403.2,0.608,2021.0
203507,2022,0.605,28.0,1278.9,0.633,2021.0
203507,2023,0.649,29.0,1372.4,0.605,2022.0
203507,2024,0.625,30.0,1319.8999999999999,0.649,2023.0
203507,2025,0.658,31.0,597.6,0.625,2024.0
203526,2022,0.628,31.0,110.39999999999999,0.538,2021.0
203552,2022,0.593,32.0,451.40000000000003,0.615,2021.0
203552,2023,0.519,33.0,202.39999999999998,0.593,2022.0
203552,2024,0.616,34.0,340.0,0.519,2023.0
203585,2022,0.566,31.0,153.6,0.577,2021.0
203897,2022,0.607,28.0,1386.0,0.605,2021.0
203897,2023,0.578,29.0,375.0,0.607,2022.0
203897,2024,0.639,30.0,1221.0,0.578,2023.0
203897,2025,0.614,31.0,546.0,0.639,2024.0
203903,2022,0.558,31.0,1030.8999999999999,0.532,2021.0
203903,2023,0.521,32.0,814.0,0.558,2022.0
203903,2024,0.54,33.0,492.1,0.521,2023.0
203903,2025,0.548,34.0,525.6,0.54,2024.0
203914,2022,0.62,28.0,307.20000000000005,0.571,2021.0
203914,2023,0.587,29.0,297.0,0.62,2022.0
203914,2024,0.524,30.0,134.39999999999998,0.587,2023.0
203914,2025,0.593,31.0,105.60000000000001,0.524,2024.0
203915,2022,0.573,30.0,1050.7,0.543,2021.0
203915,2023,0.543,31.0,638.4,0.573,2022.0
203915,2024,0.553,32.0,679.4,0.543,2023.0
203924,2022,0.606,29.0,913.5,0.556,2021.0
203924,2023,0.573,30.0,847.8,0.606,2022.0
203924,2024,0.523,31.0,573.4,0.573,2023.0
203924,2025,0.608,32.0,729.6,0.523,2024.0
203925,2022,0.621,31.0,436.6,0.624,2021.0
203926,2022,0.59,31.0,524.8,0.593,2021.0
203926,2023,0.6,32.0,281.6,0.59,2022.0
203926,2024,0.617,33.0,117.6,0.6,2023.0
203926,2025,0.574,34.0,139.2,0.617,2024.0
203932,2022,0.617,27.0,761.5999999999999,0.602,2021.0
203932,2023,0.607,28.0,715.4000000000001,0.617,2022.0
203932,2024,0.65,29.0,494.7,0.607,2023.0
203932,2025,0.62,30.0,399.59999999999997,0.65,2024.0
203935,2022,0.538,29.0,603.9,0.54,2021.0
203935,2023,0.552,30.0,238.0,0.538,2022.0
203935,2024,0.529,31.0,258.4,0.552,2023.0
203935,2025,0.543,32.0,477.40000000000003,0.529,2024.0
203937,2022,0.583,29.0,496.8,0.506,2021.0
203937,2023,0.513,30.0,434.5,0.583,2022.0
203937,2024,0.538,31.0,305.0,0.513,2023.0
203937,2025,0.573,32.0,202.1,0.538,2024.0
203939,2022,0.738,31.0,266.0,0.725,2021.0
203939,2023,0.716,32.0,107.1,0.738,2022.0
203939,2024,0.713,33.0,60.50000000000001,0.716,2023.0
203939,2025,0.699,34.0,100.80000000000001,0.713,2024.0
203944,2022,0.581,28.0,1432.2,0.509,2021.0
203944,2023,0.569,29.0,837.1999999999999,0.581,2022.0
203944,2024,0.593,30.0,938.4,0.569,2023.0
203944,2025,0.585,31.0,1208.7,0.593,2024.0
203952,2022,0.564,28.0,529.1,0.56,2021.0
203952,2023,0.544,29.0,781.0,0.564,2022.0
203952,2024,0.566,30.0,840.0,0.544,2023.0
203952,2025,0.586,31.0,822.8,0.566,2024.0
203954,2022,0.655,29.0,1326.6000000000001,0.616,2021.0
203954,2023,0.644,30.0,850.2,0.655,2022.0
203954,2024,0.58,31.0,315.40000000000003,0.644,2023.0
203954,2025,0.605,32.0,695.4,0.58,2024.0
203957,2024,0.589,29.0,134.0,0.645,2023.0
203967,2023,0.6,30.0,390.4,0.583,2022.0
203967,2024,0.449,31.0,57.6,0.6,2023.0
203991,2022,0.656,29.0,533.0,0.604,2021.0
203991,2023,0.59,30.0,620.5,0.656,2022.0
203991,2024,0.564,31.0,390.5,0.59,2023.0
203991,2025,0.54,32.0,225.0,0.564,2024.0
203992,2022,0.586,30.0,610.2,0.562,2021.0
203992,2023,0.569,31.0,1098.1000000000001,0.586,2022.0
203992,2024,0.559,32.0,491.4,0.569,2023.0
203992,2025,0.525,33.0,151.79999999999998,0.559,2024.0
203994,2022,0.589,28.0,504.4,0.586,2021.0
203994,2023,0.559,29.0,630.8000000000001,0.589,2022.0
203994,2024,0.555,30.0,351.90000000000003,0.559,2023.0
203994,2025,0.548,31.0,356.7,0.555,2024.0
203995,2024,0.462,31.0,274.7,0.524,2023.0
203999,2022,0.701,28.0,1021.2,0.661,2021.0
203999,2023,0.65,29.0,1414.1,0.701,2022.0
203999,2024,0.663,30.0,1365.0,0.65,2023.0
203999,2025,0.67,31.0,1131.0,0.663,2024.0
204001,2022,0.627,27.0,1020.5,0.577,2021.0
204001,2023,0.647,28.0,752.4,0.627,2022.0
204001,2024,0.618,29.0,575.4,0.647,2023.0
204001,2025,0.582,30.0,387.2,0.618,2024.0
204060,2022,0.616,35.0,248.4,0.551,2021.0
204060,2023,0.612,36.0,224.39999999999998,0.616,2022.0
204456,2022,0.59,31.0,517.5,0.525,2021.0
204456,2023,0.586,32.0,596.4,0.59,2022.0
204456,2024,0.547,33.0,624.1,0.586,2023.0
204456,2025,0.567,34.0,448.0,0.547,2024.0
1626145,2022,0.546,27.0,712.0,0.544,2021.0
1626145,2023,0.578,28.0,666.6,0.546,2022.0
1626145,2024,0.585,29.0,680.4,0.578,2023.0
1626145,2025,0.448,30.0,221.1,0.585,2024.0
1626149,2022,0.631,29.0,210.9,0.68,2021.0
1626153,2022,0.581,31.0,290.0,0.576,2021.0
1626153,2023,0.505,32.0,188.0,0.581,2022.0
1626153,2024,0.44,33.0,132.0,0.505,2023.0
1626156,2022,0.605,27.0,951.4,0.544,2021.0
1626156,2023,0.588,28.0,1079.2,0.605,2022.0
1626156,2024,0.522,29.0,638.0,0.588,2023.0
1626156,2025,0.511,30.0,231.4,0.522,2024.0
1626157,2022,0.618,27.0,429.20000000000005,0.64,2021.0
1626157,2023,0.625,28.0,948.6,0.618,2022.0
1626157,2024,0.63,29.0,1216.8,0.625,2023.0
1626157,2025,0.619,30.0,1035.0,0.63,2024.0
1626158,2022,0.668,29.0,88.2,0.689,2021.0
1626158,2023,0.593,30.0,148.0,0.668,2022.0
1626158,2024,0.695,31.0,139.5,0.593,2023.0
1626159,2022,0.466,27.0,197.2,0.479,2021.0
1626162,2022,0.534,27.0,820.8000000000001,0.56,2021.0
1626162,2023,0.535,28.0,877.2,0.534,2022.0
1626162,2024,0.551,29.0,744.0,0.535,2023.0
1626162,2025,0.58,30.0,545.0,0.551,2024.0
1626163,2022,0.635,30.0,64.8,0.635,2021.0
1626164,2022,0.601,26.0,1065.3000000000002,0.576,2021.0
1626164,2023,0.611,27.0,1305.6,0.601,2022.0
1626164,2024,0.589,28.0,1417.5,0.611,2023.0
1626164,2025,0.585,29.0,1196.8,0.589,2024.0
1626166,2022,0.512,28.0,451.20000000000005,0.5,2021.0
1626166,2023,0.566,29.0,483.6,0.512,2022.0
1626166,2024,0.532,30.0,446.40000000000003,0.566,2023.0
1626166,2025,0.514,31.0,149.6,0.532,2024.0
1626167,2022,0.651,27.0,731.6,0.615,2021.0
1626167,2023,0.626,28.0,908.6,0.651,2022.0
1626167,2024,0.612,29.0,813.6,0.626,2023.0
1626167,2025,0.584,30.0,646.1,0.612,2024.0
1626168,2022,0.607,27.0,407.0,0.588,2021.0
1626168,2023,0.596,28.0,319.0,0.607,2022.0
1626168,2024,0.551,29.0,372.6,0.596,2023.0
1626169,2022,0.625,27.0,122.99999999999999,0.564,2021.0
1626171,2022,0.575,28.0,805.0,0.571,2021.0
1626171,2023,0.581,29.0,918.4,0.575,2022.0
1626171,2024,0.542,30.0,592.9,0.581,2023.0
1626171,2025,0.587,31.0,750.4,0.542,2024.0
1626172,2022,0.639,27.0,385.40000000000003,0.586,2021.0
1626172,2023,0.62,28.0,229.4,0.639,2022.0
1626172,2024,0.535,29.0,281.2,0.62,2023.0
1626172,2025,0.458,30.0,60.9,0.535,2024.0
1626174,2022,0.624,27.0,770.5,0.595,2021.0
1626174,2023,0.568,28.0,265.0,0.624,2022.0
1626179,2022,0.517,29.0,1190.6999999999998,0.566,2021.0
1626179,2023,0.555,30.0,1000.3999999999999,0.517,2022.0
1626179,2024,0.497,31.0,633.6,0.555,2023.0
1626181,2022,0.612,30.0,708.0,0.603,2021.0
1626181,2023,0.626,31.0,767.6,0.612,2022.0
1626181,2024,0.615,32.0,948.0,0.626,2023.0
1626181,2025,0.609,33.0,893.2,0.615,2024.0
1626192,2022,0.531,30.0,420.90000000000003,0.62,2021.0
1626192,2023,0.574,31.0,349.59999999999997,0.531,2022.0
1626192,2024,0.567,32.0,176.29999999999998,0.574,2023.0
1626192,2025,0.586,33.0,84.0,0.567,2024.0
1626195,2022,0.61,29.0,167.20000000000002,0.582,2021.0
1626196,2022,0.555,29.0,552.5,0.573,2021.0
1626196,2023,0.573,30.0,348.3,0.555,2022.0
1626204,2022,0.649,30.0,305.5,0.59,2021.0
1626204,2023,0.653,31.0,244.0,0.649,2022.0
1626204,2024,0.632,32.0,156.0,0.653,2023.0
1626204,2025,0.505,33.0,122.5,0.632,2024.0
1626220,2022,0.538,30.0,592.8,0.608,2021.0
1626220,2023,0.548,31.0,537.1999999999999,0.538,2022.0
1626220,2024,0.585,32.0,570.0,0.548,2023.0
1626220,2025,0.596,33.0,624.0,0.585,2024.0
1626224,2022,0.579,28.0,531.3000000000001,0.563,2021.0
1626224,2023,0.601,29.0,381.59999999999997,0.579,2022.0
1626246,2022,0.71,34.0,58.9,0.615,2021.0
1627732,2023,0.571,27.0,73.5,0.559,2022.0
1627732,2024,0.539,28.0,224.4,0.571,2023.0
1627734,2022,0.668,27.0,940.1,0.637,2021.0
1627734,2023,0.637,28.0,1066.0,0.668,2022.0
1627734,2024,0.655,29.0,896.0,0.637,2023.0
1627734,2025,0.59,30.0,220.4,0.655,2024.0
1627736,2022,0.531,26.0,939.6,0.544,2021.0
1627736,2023,0.603,27.0,718.9,0.531,2022.0
1627736,2024,0.59,28.0,1074.2,0.603,2023.0
1627739,2022,0.606,29.0,215.60000000000002,0.482,2021.0
1627739,2023,0.546,30.0,310.2,0.606,2022.0
1627739,2024,0.531,31.0,436.6,0.546,2023.0
1627739,2025,0.581,32.0,475.59999999999997,0.531,2024.0
1627741,2022,0.614,30.0,1040.0,0.548,2021.0
1627741,2023,0.578,31.0,848.4,0.614,2022.0
1627741,2024,0.56,32.0,787.1999999999999,0.578,2023.0
1627741,2025,0.568,33.0,326.40000000000003,0.56,2024.0
1627742,2022,0.582,25.0,837.0000000000001,0.554,2021.0
1627742,2023,0.578,26.0,1017.6,0.582,2022.0
1627742,2024,0.56,27.0,333.0,0.578,2023.0
1627742,2025,0.573,28.0,1285.8999999999999,0.56,2024.0
1627745,2022,0.719,28.0,86.10000000000001,0.701,2021.0
1627745,2023,0.659,29.0,70.2,0.719,2022.0
1627747,2022,0.546,28.0,740.0,0.525,2021.0
1627747,2023,0.524,29.0,822.8,0.546,2022.0
1627747,2024,0.582,30.0,601.6,0.524,2023.0
1627747,2025,0.518,31.0,390.0,0.582,2024.0
1627749,2022,0.54,26.0,1317.2,0.533,2021.0
1627749,2023,0.555,27.0,1466.4,0.54,2022.0
1627749,2024,0.494,28.0,492.90000000000003,0.555,2023.0
1627749,2025,0.58,29.0,182.0,0.494,2024.0
1627750,2023,0.586,27.0,985.3,0.571,2022.0
1627750,2024,0.584,28.0,1118.8999999999999,0.586,2023.0
1627750,2025,0.622,29.0,1357.5,0.584,2024.0
1627751,2022,0.635,27.0,619.1999999999999,0.613,2021.0
1627751,2023,0.653,28.0,380.0,0.635,2022.0
1627751,2024,0.641,29.0,581.4,0.653,2023.0
1627751,2025,0.698,30.0,308.2,0.641,2024.0
1627752,2022,0.597,29.0,378.0,0.589,2021.0
1627752,2023,0.579,30.0,569.4,0.597,2022.0
1627752,2024,0.613,31.0,512.0,0.579,2023.0
1627752,2025,0.617,32.0,189.79999999999998,0.613,2024.0
1627759,2022,0.581,26.0,1380.2,0.574,2021.0
1627759,2023,0.58,27.0,1253.0,0.581,2022.0
1627759,2024,0.555,28.0,1115.1,0.58,2023.0
1627759,2025,0.573,29.0,1540.7,0.555,2024.0
1627763,2022,0.615,30.0,730.3000000000001,0.557,2021.0
1627763,2023,0.56,31.0,495.29999999999995,0.615,2022.0
1627763,2024,0.544,32.0,240.0,0.56,2023.0
1627777,2022,0.61,30.0,499.20000000000005,0.594,2021.0
1627777,2023,0.583,31.0,631.4,0.61,2022.0
1627777,2024,0.607,32.0,616.1999999999999,0.583,2023.0
1627780,2022,0.701,30.0,68.2,0.679,2021.0
1627780,2023,0.621,31.0,184.8,0.701,2022.0
1627780,2024,0.635,32.0,297.59999999999997,0.621,2023.0
1627780,2025,0.632,33.0,416.1,0.635,2024.0
1627783,2022,0.565,29.0,1313.5,0.565,2021.0
1627783,2023,0.601,30.0,1272.0,0.565,2022.0
1627783,2024,0.599,31.0,1185.6,0.601,2023.0
1627783,2025,0.562,32.0,1153.2,0.599,2024.0
1627788,2022,0.552,25.0,111.0,0.502,2021.0
1627788,2023,0.519,26.0,77.0,0.552,2022.0
1627814,2022,0.607,30.0,451.4,0.561,2021.0
1627823,2022,0.504,27.0,113.4,0.542,2021.0
1627824,2025,0.543,30.0,314.90000000000003,0.616,2024.0
1627826,2022,0.661,26.0,516.8,0.66,2021.0
1627826,2023,0.671,27.0,516.8,0.661,2022.0
1627826,2024,0.641,28.0,944.0,0.671,2023.0
1627826,2025,0.622,29.0,480.0,0.641,2024.0
1627827,2022,0.523,30.0,501.59999999999997,0.604,2021.0
1627827,2023,0.546,31.0,510.0,0.523,2022.0
1627827,2024,0.604,32.0,434.70000000000005,0.546,2023.0
1627827,2025,0.452,33.0,133.20000000000002,0.604,2024.0
1627832,2022,0.54,29.0,1110.9,0.552,2021.0
1627832,2023,0.568,30.0,1014.7,0.54,2022.0
1627832,2024,0.515,31.0,762.0,0.568,2023.0
1627854,2022,0.497,29.0,82.5,0.574,2021.0
1627863,2022,0.6,30.0,196.0,0.555,2021.0
1627863,2023,0.575,31.0,105.4,0.6,2022.0
1627884,2022,0.597,26.0,230.4,0.633,2021.0
1627884,2023,0.592,27.0,494.0,0.597,2022.0
1627884,2024,0.609,28.0,585.1999999999999,0.592,2023.0
1627884,2025,0.6,29.0,380.0,0.609,2024.0
1627936,2022,0.588,29.0,288.09999999999997,0.528,2021.0
1627936,2023,0.613,30.0,539.6,0.588,2022.0
1627936,2024,0.568,31.0,313.2,0.613,2023.0
1627936,2025,0.54,32.0,302.40000000000003,0.568,2024.0
1628365,2022,0.564,25.0,678.0,0.517,2021.0
1628365,2023,0.492,26.0,326.8,0.564,2022.0
1628365,2024,0.452,27.0,67.2,0.492,2023.0
1628366,2025,0.432,28.0,175.0,0.524,2024.0
1628368,2022,0.599,25.0,1328.6,0.549,2021.0
1628368,2023,0.567,26.0,1546.6,0.599,2022.0
1628368,2024,0.56,27.0,1165.6000000000001,0.567,2023.0
1628368,2025,0.578,28.0,1044.0,0.56,2024.0
1628369,2022,0.607,25.0,1561.4,0.578,2021.0
1628369,2023,0.604,26.0,1428.2,0.607,2022.0
1628369,2024,0.582,27.0,1461.6000000000001,0.604,2023.0
1628369,2025,0.541,28.0,286.4,0.582,2024.0
1628370,2022,0.587,25.0,793.1,0.597,2021.0
1628370,2023,0.564,26.0,892.8000000000001,0.587,2022.0
1628370,2024,0.549,27.0,936.0,0.564,2023.0
1628370,2025,0.568,28.0,632.4,0.549,2024.0
1628371,2023,0.61,26.0,284.20000000000005,0.483,2022.0
1628371,2024,0.512,27.0,326.59999999999997,0.61,2023.0
1628371,2025,0.498,28.0,109.2,0.512,2024.0
1628372,2022,0.475,25.0,453.6,0.474,2021.0
1628372,2023,0.508,26.0,336.0,0.475,2022.0
1628373,2022,0.461,24.0,131.6,0.513,2021.0
1628374,2022,0.64,26.0,1141.8,0.582,2021.0
1628374,2023,0.631,27.0,891.0,0.64,2022.0
1628374,2024,0.571,28.0,700.3000000000001,0.631,2023.0
1628374,2025,0.608,29.0,806.4,0.571,2024.0
1628378,2022,0.614,26.0,1400.8000000000002,0.572,2021.0
1628378,2023,0.595,27.0,1089.0,0.614,2022.0
1628378,2024,0.575,28.0,1320.6000000000001,0.595,2023.0
1628378,2025,0.613,29.0,1400.0,0.575,2024.0
1628379,2022,0.684,27.0,383.5,0.619,2021.0
1628379,2023,0.641,28.0,315.9,0.684,2022.0
1628379,2024,0.631,29.0,429.0,0.641,2023.0
1628379,2025,0.689,30.0,444.6,0.631,2024.0
1628380,2022,0.599,25.0,548.0999999999999,0.594,2021.0
1628380,2023,0.565,26.0,614.1,0.599,2022.0
1628380,2024,0.605,27.0,300.8,0.565,2023.0
1628380,2025,0.666,28.0,64.0,0.605,2024.0
1628381,2022,0.593,25.0,710.0,0.61,2021.0
1628381,2023,0.621,26.0,748.0,0.593,2022.0
1628381,2024,0.628,27.0,532.0,0.621,2023.0
1628381,2025,0.643,28.0,662.4,0.628,2024.0
1628384,2022,0.586,25.0,884.4,0.549,2021.0
1628384,2023,0.595,26.0,575.0,0.586,2022.0
1628384,2024,0.591,27.0,1028.6000000000001,0.595,2023.0
1628384,2025,0.62,28.0,804.0,0.591,2024.0
1628386,2022,0.67,25.0,625.5999999999999,0.698,2021.0
1628386,2023,0.664,26.0,816.1999999999999,0.67,2022.0
1628386,2024,0.724,27.0,639.6,0.664,2023.0
1628386,2025,0.669,28.0,526.4,0.724,2024.0
1628389,2022,0.592,25.0,1117.5,0.608,2021.0
1628389,2023,0.576,26.0,1015.3000000000001,0.592,2022.0
1628389,2024,0.561,27.0,1115.4,0.576,2023.0
1628389,2025,0.551,28.0,1146.1,0.561,2024.0
1628392,2022,0.567,25.0,328.0,0.664,2021.0
1628392,2023,0.67,26.0,367.5,0.567,2022.0
1628392,2024,0.599,27.0,478.8,0.67,2023.0
1628392,2025,0.631,28.0,296.09999999999997,0.599,2024.0
1628398,2022,0.544,27.0,1139.2,0.547,2021.0
1628398,2023,0.547,28.0,1316.0,0.544,2022.0
1628398,2024,0.514,29.0,845.0,0.547,2023.0
1628398,2025,0.581,30.0,690.0,0.514,2024.0
1628401,2022,0.604,28.0,754.4,0.549,2021.0
1628401,2023,0.611,29.0,839.5,0.604,2022.0
1628401,2024,0.606,30.0,957.6,0.611,2023.0
1628401,2025,0.529,31.0,1108.8,0.606,2024.0
1628404,2022,0.622,28.0,516.8,0.61,2021.0
1628404,2023,0.522,29.0,680.4,0.622,2022.0
1628404,2024,0.611,30.0,770.0,0.522,2023.0
1628404,2025,0.612,31.0,594.0,0.611,2024.0
1628415,2022,0.494,27.0,992.8,0.515,2021.0
1628415,2023,0.549,28.0,770.4,0.494,2022.0
1628415,2024,0.555,29.0,892.5,0.549,2023.0
1628415,2025,0.54,30.0,957.6000000000001,0.555,2024.0
1628418,2022,0.682,25.0,371.7,0.607,2021.0
1628418,2023,0.639,26.0,148.2,0.682,2022.0
1628418,2024,0.614,27.0,323.40000000000003,0.639,2023.0
1628418,2025,0.625,28.0,270.0,0.614,2024.0
1628420,2022,0.579,28.0,514.6,0.583,2021.0
1628420,2023,0.508,29.0,151.79999999999998,0.579,2022.0
1628420,2024,0.546,30.0,193.5,0.508,2023.0
1628432,2022,0.471,28.0,86.0,0.624,2021.0
1628436,2023,0.736,28.0,201.60000000000002,0.697,2022.0
1628436,2024,0.683,29.0,277.4,0.736,2023.0
1628436,2025,0.689,30.0,272.0,0.683,2024.0
1628449,2022,0.59,30.0,532.0,0.57,2021.0
1628449,2023,0.625,31.0,215.0,0.59,2022.0
1628449,2024,0.615,32.0,370.0,0.625,2023.0
1628464,2024,0.558,33.0,129.2,0.597,2023.0
1628467,2022,0.592,31.0,170.2,0.537,2021.0
1628467,2023,0.573,32.0,146.2,0.592,2022.0
1628467,2024,0.489,33.0,95.19999999999999,0.573,2023.0
1628467,2025,0.509,34.0,73.1,0.489,2024.0
1628470,2022,0.566,32.0,497.7,0.556,2021.0
1628470,2023,0.568,33.0,249.10000000000002,0.566,2022.0
1628470,2024,0.567,34.0,91.0,0.568,2023.0
1628960,2022,0.612,27.0,554.4,0.609,2021.0
1628960,2023,0.679,28.0,682.5,0.612,2022.0
1628960,2024,0.631,29.0,486.4,0.679,2023.0
1628960,2025,0.568,30.0,668.1,0.631,2024.0
1628963,2022,0.587,24.0,382.2,0.551,2021.0
1628963,2023,0.629,25.0,409.99999999999994,0.587,2022.0
1628963,2024,0.56,26.0,105.39999999999999,0.629,2023.0
1628963,2025,0.661,27.0,414.0,0.56,2024.0
1628964,2022,0.602,25.0,240.10000000000002,0.582,2021.0
1628964,2023,0.575,26.0,199.5,0.602,2022.0
1628964,2024,0.557,27.0,112.0,0.575,2023.0
1628966,2022,0.609,27.0,462.3,0.578,2021.0
1628966,2023,0.534,28.0,164.3,0.609,2022.0
1628969,2022,0.587,26.0,1269.9,0.627,2021.0
1628969,2023,0.56,27.0,1295.6000000000001,0.587,2022.0
1628969,2024,0.585,28.0,1180.8,0.56,2023.0
1628969,2025,0.587,29.0,959.4,0.585,2024.0
1628970,2024,0.541,27.0,1088.0,0.556,2023.0
1628970,2025,0.57,28.0,1039.5,0.541,2024.0
1628971,2022,0.571,26.0,744.0,0.575,2021.0
1628971,2023,0.563,27.0,582.9,0.571,2022.0
1628971,2024,0.504,28.0,307.5,0.563,2023.0
1628971,2025,0.562,29.0,524.8000000000001,0.504,2024.0
1628972,2022,0.561,23.0,463.59999999999997,0.525,2021.0
1628972,2023,0.51,24.0,224.2,0.561,2022.0
1628973,2022,0.597,26.0,1196.8000000000002,0.583,2021.0
1628973,2023,0.592,27.0,1647.8,0.597,2022.0
1628973,2024,0.605,28.0,1202.5,0.592,2023.0
1628973,2025,0.58,29.0,1472.6,0.605,2024.0
1628975,2022,0.56,27.0,567.0,0.531,2021.0
1628975,2023,0.485,28.0,367.2,0.56,2022.0
1628975,2024,0.509,29.0,147.6,0.485,2023.0
1628975,2025,0.537,30.0,307.4,0.509,2024.0
1628976,2022,0.621,24.0,615.6,0.601,2021.0
1628976,2023,0.623,25.0,423.5,0.621,2022.0
1628976,2024,0.544,26.0,489.6,0.623,2023.0
1628976,2025,0.617,27.0,639.5999999999999,0.544,2024.0
1628977,2022,0.593,24.0,375.2,0.541,2021.0
1628978,2022,0.593,26.0,540.0,0.51,2021.0
1628978,2023,0.597,27.0,1004.4,0.593,2022.0
1628978,2024,0.582,28.0,595.1999999999999,0.597,2023.0
1628978,2025,0.567,29.0,836.4,0.582,2024.0
1628981,2022,0.571,24.0,113.1,0.671,2021.0
1628981,2023,0.615,25.0,189.0,0.571,2022.0
1628983,2022,0.626,24.0,1380.4,0.557,2021.0
1628983,2023,0.636,25.0,1485.0,0.626,2022.0
1628983,2024,0.637,26.0,1656.8,0.636,2023.0
1628983,2025,0.665,27.0,1319.1999999999998,0.637,2024.0
1628984,2022,0.552,28.0,430.70000000000005,0.514,2021.0
1628984,2023,0.495,29.0,108.10000000000001,0.552,2022.0
1628988,2022,0.528,26.0,220.5,0.544,2021.0
1628988,2023,0.578,27.0,413.4,0.528,2022.0
1628988,2024,0.594,28.0,266.59999999999997,0.578,2023.0
1628988,2025,0.578,29.0,250.8,0.594,2024.0
1628989,2022,0.617,24.0,862.5,0.57,2021.0
1628989,2023,0.564,25.0,563.2,0.617,2022.0
1628989,2024,0.544,26.0,607.2,0.564,2023.0
1628989,2025,0.552,27.0,593.4,0.544,2024.0
1628991,2022,0.613,23.0,819.0,0.535,2021.0
1628991,2023,0.553,24.0,1161.6000000000001,0.613,2022.0
1628991,2024,0.591,25.0,1213.6,0.553,2023.0
1628991,2025,0.576,26.0,720.0,0.591,2024.0
1628995,2022,0.579,23.0,333.9,0.491,2021.0
1628995,2023,0.57,24.0,186.0,0.579,2022.0
1628997,2022,0.571,27.0,546.7,0.611,2021.0
1628997,2023,0.531,28.0,556.8,0.571,2022.0
1628997,2024,0.513,29.0,306.0,0.531,2023.0
1628997,2025,0.526,30.0,191.39999999999998,0.513,2024.0
1628998,2024,0.509,29.0,323.29999999999995,0.46,2023.0
1629001,2022,0.566,25.0,654.5,0.529,2021.0
1629001,2023,0.533,26.0,361.0,0.566,2022.0
1629001,2024,0.539,27.0,54.0,0.533,2023.0
1629001,2025,0.518,28.0,529.2,0.539,2024.0
1629002,2022,0.639,26.0,217.79999999999998,0.546,2021.0
1629002,2023,0.61,27.0,244.79999999999998,0.639,2022.0
1629003,2022,0.575,26.0,501.59999999999997,0.517,2021.0
1629003,2023,0.499,27.0,196.79999999999998,0.575,2022.0
1629003,2024,0.563,28.0,256.5,0.499,2023.0
1629004,2022,0.584,26.0,172.8,0.509,2021.0
1629004,2023,0.575,27.0,135.29999999999998,0.584,2022.0
1629004,2024,0.526,28.0,300.2,0.575,2023.0
1629004,2025,0.626,29.0,360.0,0.526,2024.0
1629006,2022,0.531,24.0,417.59999999999997,0.526,2021.0
1629006,2023,0.552,25.0,204.0,0.531,2022.0
1629006,2024,0.567,26.0,212.0,0.552,2023.0
1629006,2025,0.544,27.0,296.4,0.567,2024.0
1629008,2022,0.621,25.0,818.4,0.416,2021.0
1629008,2023,0.601,26.0,1077.3,0.621,2022.0
1629008,2024,0.617,27.0,1047.2,0.601,2023.0
1629008,2025,0.595,28.0,956.8,0.617,2024.0
1629011,2022,0.652,25.0,277.3,0.722,2021.0
1629011,2023,0.554,26.0,127.1,0.652,2022.0
1629011,2024,0.676,27.0,56.099999999999994,0.554,2023.0
1629011,2025,0.676,28.0,204.0,0.676,2024.0
1629012,2022,0.616,24.0,470.40000000000003,0.523,2021.0
1629012,2023,0.607,25.0,1037.4,0.616,2022.0
1629012,2024,0.593,26.0,869.4000000000001,0.607,2023.0
1629012,2025,0.615,27.0,741.2,0.593,2024.0
1629013,2022,0.537,26.0,300.0,0.55,2021.0
1629013,2023,0.556,27.0,276.0,0.537,2022.0
1629013,2024,0.601,28.0,229.99999999999997,0.556,2023.0
1629013,2025,0.598,29.0,362.09999999999997,0.601,2024.0
1629014,2022,0.581,24.0,1047.8,0.583,2021.0
1629014,2023,0.568,25.0,837.1999999999999,0.581,2022.0
1629014,2024,0.557,26.0,1127.0,0.568,2023.0
1629014,2025,0.576,27.0,649.0,0.557,2024.0
1629018,2022,0.56,24.0,937.1999999999999,0.546,2021.0
1629018,2023,0.548,25.0,844.9,0.56,2022.0
1629018,2024,0.591,26.0,658.6,0.548,2023.0
1629018,2025,0.533,27.0,474.5,0.591,2024.0
1629020,2022,0.604,24.0,452.4,0.612,2021.0
1629020,2023,0.578,25.0,113.1,0.604,2022.0
1629020,2024,0.537,26.0,122.39999999999999,0.578,2023.0
1629020,2025,0.544,27.0,240.5,0.537,2024.0
1629021,2022,0.63,26.0,393.3,0.623,2021.0
1629021,2023,0.676,27.0,552.0,0.63,2022.0
1629021,2024,0.649,28.0,249.00000000000003,0.676,2023.0
1629021,2025,0.545,29.0,194.4,0.649,2024.0
1629022,2022,0.57,24.0,526.4,0.512,2021.0
1629022,2023,0.545,25.0,493.0,0.57,2022.0
1629022,2024,0.548,26.0,212.0,0.545,2023.0
1629023,2022,0.542,24.0,978.2,0.588,2021.0
1629023,2023,0.537,25.0,810.3,0.542,2022.0
1629023,2024,0.556,26.0,666.9,0.537,2023.0
1629023,2025,0.537,27.0,660.8000000000001,0.556,2024.0
1629026,2022,0.585,28.0,344.5,0.532,2021.0
1629026,2023,0.568,29.0,282.9,0.585,2022.0
1629026,2024,0.587,30.0,351.9,0.568,2023.0
1629026,2025,0.569,31.0,296.8,0.587,2024.0
1629027,2022,0.573,24.0,1387.0,0.603,2021.0
1629027,2023,0.585,25.0,1009.8,0.573,2022.0
1629027,2024,0.567,26.0,1375.6000000000001,0.585,2023.0
1629027,2025,0.612,27.0,177.0,0.567,2024.0
1629028,2022,0.617,24.0,884.4,0.656,2021.0
1629028,2023,0.587,25.0,748.0,0.617,2022.0
1629028,2024,0.583,26.0,468.0,0.587,2023.0
1629028,2025,0.676,27.0,597.6,0.583,2024.0
1629029,2022,0.609,24.0,1452.0,0.571,2021.0
1629029,2023,0.617,25.0,1652.0,0.609,2022.0
1629029,2024,0.587,26.0,1025.0,0.617,2023.0
1629029,2025,0.616,27.0,1459.2,0.587,2024.0
1629048,2022,0.582,23.0,125.39999999999999,0.595,2021.0
1629048,2023,0.629,24.0,210.79999999999998,0.582,2022.0
1629048,2024,0.631,25.0,336.0,0.629,2023.0
1629048,2025,0.7,26.0,224.0,0.631,2024.0
1629052,2022,0.52,25.0,318.5,0.53,2021.0
1629052,2023,0.53,26.0,154.0,0.52,2022.0
1629056,2022,0.563,26.0,364.8,0.543,2021.0
1629057,2022,0.742,25.0,171.5,0.745,2021.0
1629057,2025,0.722,28.0,247.8,0.679,2024.0
1629060,2022,0.556,25.0,585.9000000000001,0.579,2021.0
1629060,2023,0.628,26.0,673.2,0.556,2022.0
1629060,2024,0.619,27.0,578.2,0.628,2023.0
1629060,2025,0.62,28.0,598.4000000000001,0.619,2024.0
1629111,2022,0.595,27.0,338.1,0.597,2021.0
1629111,2023,0.584,28.0,207.20000000000002,0.595,2022.0
1629111,2024,0.59,29.0,151.20000000000002,0.584,2023.0
1629111,2025,0.595,30.0,550.8,0.59,2024.0
1629117,2022,0.626,26.0,258.4,0.549,2021.0
1629130,2022,0.534,29.0,235.2,0.573,2021.0
1629130,2023,0.612,30.0,673.2,0.534,2022.0
1629130,2024,0.595,31.0,666.0,0.612,2023.0
1629130,2025,0.629,32.0,700.6999999999999,0.595,2024.0
1629139,2022,0.637,28.0,232.0,0.524,2021.0
1629139,2023,0.474,29.0,115.6,0.637,2022.0
1629162,2022,0.526,27.0,146.2,0.535,2021.0
1629162,2023,0.638,28.0,145.6,0.526,2022.0
1629162,2024,0.6,29.0,73.60000000000001,0.638,2023.0
1629162,2025,0.542,30.0,79.2,0.6,2024.0
1629216,2022,0.533,27.0,564.4000000000001,0.551,2021.0
1629216,2025,0.511,30.0,217.29999999999998,0.536,2024.0
1629234,2022,0.666,26.0,335.4,0.638,2021.0
1629234,2023,0.645,27.0,255.0,0.666,2022.0
1629234,2024,0.622,28.0,195.20000000000002,0.645,2023.0
1629234,2025,0.605,29.0,155.4,0.622,2024.0
1629308,2022,0.505,30.0,145.6,0.561,2021.0
1629312,2023,0.587,27.0,330.0,0.517,2022.0
1629312,2024,0.583,28.0,392.2,0.587,2023.0
1629599,2022,0.498,26.0,145.0,0.598,2021.0
1629599,2023,0.604,27.0,350.0,0.498,2022.0
1629599,2024,0.614,28.0,511.2,0.604,2023.0
1629599,2025,0.594,29.0,115.0,0.614,2024.0
1629611,2022,0.619,26.0,526.5,0.572,2021.0
1629611,2023,0.615,27.0,495.0,0.619,2022.0
1629611,2024,0.584,28.0,415.40000000000003,0.615,2023.0
1629611,2025,0.564,29.0,365.4,0.584,2024.0
1629614,2023,0.573,24.0,523.6,0.528,2022.0
1629614,2024,0.545,25.0,539.5,0.573,2023.0
1629614,2025,0.564,26.0,752.4,0.545,2024.0
1629618,2025,0.541,26.0,229.99999999999997,0.545,2024.0
1629622,2022,0.557,27.0,792.0,0.614,2021.0
1629622,2023,0.553,28.0,728.0,0.557,2022.0
1629622,2024,0.607,29.0,375.0,0.553,2023.0
1629622,2025,0.609,30.0,105.60000000000001,0.607,2024.0
1629626,2023,0.7,24.0,150.5,0.603,2022.0
1629626,2024,0.627,25.0,183.6,0.7,2023.0
1629627,2023,0.61,23.0,1092.0,0.652,2022.0
1629627,2024,0.6,24.0,506.99999999999994,0.61,2023.0
1629627,2025,0.644,25.0,806.0,0.6,2024.0
1629628,2022,0.531,23.0,1175.3000000000002,0.511,2021.0
1629628,2023,0.58,24.0,881.5999999999999,0.531,2022.0
1629628,2024,0.547,25.0,980.1999999999999,0.58,2023.0
1629628,2025,0.585,26.0,815.1,0.547,2024.0
1629629,2022,0.561,23.0,312.0,0.543,2021.0
1629629,2023,0.504,24.0,235.20000000000002,0.561,2022.0
1629629,2024,0.498,25.0,92.39999999999999,0.504,2023.0
1629630,2022,0.557,23.0,1213.8999999999999,0.575,2021.0
1629630,2023,0.57,24.0,170.1,0.557,2022.0
1629630,2024,0.563,25.0,890.0,0.57,2023.0
1629630,2025,0.521,26.0,322.0,0.563,2024.0
1629631,2022,0.563,25.0,824.1,0.547,2021.0
1629631,2023,0.595,26.0,661.1999999999999,0.563,2022.0
1629631,2024,0.623,27.0,761.6,0.595,2023.0
1629631,2025,0.545,28.0,499.5,0.623,2024.0
1629632,2022,0.572,23.0,592.0,0.564,2021.0
1629632,2023,0.57,24.0,1208.7,0.572,2022.0
1629632,2024,0.601,25.0,1117.3999999999999,0.57,2023.0
1629632,2025,0.595,26.0,625.0,0.601,2024.0
1629634,2022,0.681,26.0,347.2,0.66,2021.0
1629634,2023,0.548,27.0,58.800000000000004,0.681,2022.0
1629634,2024,0.638,28.0,377.6,0.548,2023.0
1629636,2022,0.587,23.0,1131.6,0.576,2021.0
1629636,2023,0.56,24.0,843.6,0.587,2022.0
1629636,2024,0.6,25.0,1177.5,0.56,2023.0
1629636,2025,0.582,26.0,670.5,0.6,2024.0
1629637,2022,0.605,23.0,155.1,0.68,2021.0
1629637,2023,0.718,24.0,175.0,0.605,2022.0
1629637,2024,0.72,25.0,224.0,0.718,2023.0
1629637,2025,0.758,26.0,264.0,0.72,2024.0
1629638,2022,0.565,24.0,295.0,0.475,2021.0
1629638,2023,0.578,25.0,541.1999999999999,0.565,2022.0
1629638,2024,0.579,26.0,615.0,0.578,2023.0
1629638,2025,0.61,27.0,1193.4,0.579,2024.0
1629639,2022,0.566,23.0,1112.2,0.561,2021.0
1629639,2023,0.558,24.0,735.0,0.566,2022.0
1629639,2024,0.605,25.0,1378.3,0.558,2023.0
1629639,2025,0.602,26.0,514.8,0.605,2024.0
1629640,2022,0.551,23.0,1115.1,0.574,2021.0
1629640,2023,0.565,24.0,862.5,0.551,2022.0
1629640,2024,0.572,25.0,770.0,0.565,2023.0
1629640,2025,0.613,26.0,795.4,0.572,2024.0
1629641,2022,0.524,23.0,258.0,0.52,2021.0
1629642,2022,0.555,23.0,302.4,0.575,2021.0
1629642,2023,0.572,24.0,125.99999999999999,0.555,2022.0
1629643,2022,0.488,24.0,121.5,0.501,2021.0
1629643,2023,0.465,25.0,112.8,0.488,2022.0
1629645,2022,0.565,23.0,885.0,0.531,2021.0
1629645,2025,0.567,26.0,513.0,0.531,2024.0
1629647,2022,0.524,23.0,184.9,0.515,2021.0
1629650,2022,0.607,23.0,97.2,0.612,2021.0
1629650,2023,0.477,24.0,66.0,0.607,2022.0
1629651,2022,0.691,24.0,585.2,0.672,2021.0
1629651,2023,0.629,25.0,582.1999999999999,0.691,2022.0
1629651,2024,0.569,26.0,567.0,0.629,2023.0
1629651,2025,0.592,27.0,579.6,0.569,2024.0
1629652,2022,0.513,24.0,873.2,0.541,2021.0
1629652,2023,0.593,25.0,655.7,0.513,2022.0
1629652,2024,0.586,26.0,596.4,0.593,2023.0
1629652,2025,0.524,27.0,524.4,0.586,2024.0
1629655,2022,0.739,24.0,397.79999999999995,0.708,2021.0
1629655,2023,0.731,25.0,481.0,0.739,2022.0
1629655,2024,0.716,26.0,404.7,0.731,2023.0
1629655,2025,0.677,27.0,313.5,0.716,2024.0
1629656,2022,0.619,23.0,603.5,0.565,2021.0
1629656,2023,0.516,24.0,326.40000000000003,0.619,2022.0
1629656,2024,0.595,25.0,825.0,0.516,2023.0
1629656,2025,0.585,26.0,757.5,0.595,2024.0
1629659,2022,0.508,22.0,611.0,0.503,2021.0
1629659,2023,0.503,23.0,464.09999999999997,0.508,2022.0
1629659,2024,0.567,24.0,290.0,0.503,2023.0
1629660,2022,0.594,25.0,243.00000000000003,0.488,2021.0
1629660,2025,0.616,28.0,214.5,0.643,2024.0
1629661,2022,0.617,27.0,474.6,0.625,2021.0
1629661,2023,0.582,28.0,620.5999999999999,0.617,2022.0
1629661,2024,0.632,29.0,746.6999999999999,0.582,2023.0
1629661,2025,0.629,30.0,475.20000000000005,0.632,2024.0
1629667,2022,0.557,25.0,616.0,0.595,2021.0
1629667,2023,0.412,26.0,190.0,0.557,2022.0
1629669,2022,0.527,23.0,624.0,0.581,2021.0
1629669,2023,0.494,24.0,78.0,0.527,2022.0
1629669,2024,0.43,25.0,72.8,0.494,2023.0
1629670,2022,0.561,24.0,446.40000000000003,0.506,2021.0
1629670,2023,0.565,25.0,301.59999999999997,0.561,2022.0
1629673,2022,0.573,24.0,1279.2,0.598,2021.0
1629673,2023,0.529,25.0,1185.6,0.573,2022.0
1629673,2024,0.591,26.0,1054.0,0.529,2023.0
1629673,2025,0.53,27.0,444.6,0.591,2024.0
1629674,2024,0.674,25.0,204.6,0.662,2023.0
1629674,2025,0.674,26.0,501.59999999999997,0.674,2024.0
1629675,2022,0.617,23.0,578.0,0.588,2021.0
1629675,2023,0.595,24.0,850.5,0.617,2022.0
1629675,2024,0.577,25.0,920.0,0.595,2023.0
1629675,2025,0.565,26.0,870.1,0.577,2024.0
1629676,2022,0.497,25.0,155.4,0.607,2021.0
1629677,2023,0.485,24.0,159.1,0.55,2022.0
1629678,2022,0.587,26.0,122.1,0.538,2021.0
1629680,2022,0.552,26.0,255.6,0.594,2021.0
1629680,2023,0.537,27.0,318.5,0.552,2022.0
1629680,2024,0.592,28.0,88.5,0.537,2023.0
1629680,2025,0.6,29.0,135.0,0.592,2024.0
1629684,2022,0.605,24.0,474.0,0.635,2021.0
1629684,2023,0.588,25.0,608.0,0.605,2022.0
1629684,2024,0.596,26.0,123.2,0.588,2023.0
1629684,2025,0.609,27.0,183.6,0.596,2024.0
1629723,2022,0.542,27.0,316.8,0.615,2021.0
1629723,2023,0.537,28.0,209.0,0.542,2022.0
1629723,2024,0.592,29.0,92.0,0.537,2023.0
1629723,2025,0.568,30.0,201.6,0.592,2024.0
1629726,2022,0.573,26.0,199.8,0.602,2021.0
1629726,2023,0.665,27.0,224.4,0.573,2022.0
1629726,2024,0.606,28.0,258.5,0.665,2023.0
1629726,2025,0.628,29.0,52.5,0.606,2024.0
1629731,2022,0.55,26.0,176.0,0.584,2021.0
1629731,2023,0.598,27.0,232.2,0.55,2022.0
1629731,2024,0.563,28.0,271.4,0.598,2023.0
1629731,2025,0.58,29.0,277.3,0.563,2024.0
1629750,2022,0.646,29.0,108.8,0.637,2021.0
1629750,2023,0.681,30.0,74.7,0.646,2022.0
1629750,2024,0.541,31.0,285.6,0.681,2023.0
1629750,2025,0.607,32.0,410.0,0.541,2024.0
1630162,2022,0.564,21.0,1540.5,0.56,2021.0
1630162,2023,0.575,22.0,1556.3,0.564,2022.0
1630162,2024,0.595,23.0,1611.6,0.575,2023.0
1630162,2025,0.617,24.0,1232.2,0.595,2024.0
1630163,2022,0.541,21.0,720.0,0.554,2021.0
1630163,2023,0.561,22.0,422.4,0.541,2022.0
1630163,2024,0.536,23.0,1001.1,0.561,2023.0
1630163,2025,0.546,24.0,1245.6000000000001,0.536,2024.0
1630164,2023,0.637,23.0,302.4,0.589,2022.0
1630165,2022,0.455,21.0,813.1999999999999,0.461,2021.0
1630165,2023,0.474,22.0,281.40000000000003,0.455,2022.0
1630166,2022,0.535,22.0,577.6,0.536,2021.0
1630166,2023,0.597,23.0,802.5,0.535,2022.0
1630166,2024,0.605,24.0,842.4,0.597,2023.0
1630166,2025,0.6,25.0,1062.6000000000001,0.605,2024.0
1630167,2022,0.565,25.0,422.09999999999997,0.614,2021.0
1630167,2023,0.677,26.0,582.1999999999999,0.565,2022.0
1630167,2024,0.642,27.0,600.4,0.677,2023.0
1630167,2025,0.636,28.0,199.20000000000002,0.642,2024.0
1630168,2022,0.678,22.0,496.0,0.714,2021.0
1630168,2023,0.674,23.0,363.0,0.678,2022.0
1630168,2024,0.634,24.0,680.8,0.674,2023.0
1630168,2025,0.592,25.0,858.4,0.634,2024.0
1630169,2022,0.624,23.0,840.0,0.595,2021.0
1630169,2023,0.605,24.0,1048.8,0.624,2022.0
1630169,2024,0.616,25.0,1007.4000000000001,0.605,2023.0
1630170,2022,0.55,22.0,596.6,0.54,2021.0
1630170,2023,0.578,23.0,1054.0,0.55,2022.0
1630170,2024,0.553,24.0,889.6,0.578,2023.0
1630170,2025,0.574,25.0,757.1,0.553,2024.0
1630171,2022,0.614,22.0,357.2,0.589,2021.0
1630171,2023,0.599,23.0,483.0,0.614,2022.0
1630171,2024,0.587,24.0,269.5,0.599,2023.0
1630171,2025,0.574,25.0,459.9,0.587,2024.0
1630172,2022,0.576,21.0,680.6,0.637,2021.0
1630172,2023,0.553,22.0,356.90000000000003,0.576,2022.0
1630172,2024,0.512,23.0,516.5999999999999,0.553,2023.0
1630172,2025,0.494,24.0,475.2,0.512,2024.0
1630173,2022,0.554,23.0,401.5,0.503,2021.0
1630173,2023,0.545,24.0,466.2,0.554,2022.0
1630173,2024,0.53,25.0,324.90000000000003,0.545,2023.0
1630173,2025,0.558,26.0,598.5999999999999,0.53,2024.0
1630174,2022,0.566,23.0,591.3,0.507,2021.0
1630174,2023,0.631,24.0,633.6,0.566,2022.0
1630174,2024,0.653,25.0,378.0,0.631,2023.0
1630174,2025,0.554,26.0,513.0,0.653,2024.0
1630175,2022,0.57,23.0,612.0,0.519,2021.0
1630175,2023,0.545,24.0,761.4,0.57,2022.0
1630175,2024,0.531,25.0,542.6999999999999,0.545,2023.0
1630175,2025,0.483,26.0,231.0,0.531,2024.0
1630177,2022,0.515,22.0,255.2,0.5,2021.0
1630177,2023,0.385,23.0,69.69999999999999,0.515,2022.0
1630178,2022,0.605,22.0,912.0,0.594,2021.0
1630178,2023,0.573,23.0,1421.0,0.605,2022.0
1630178,2024,0.562,24.0,1092.0,0.573,2023.0
1630178,2025,0.588,25.0,1498.0,0.562,2024.0
1630180,2022,0.564,24.0,839.3000000000001,0.529,2021.0
1630180,2023,0.549,25.0,699.3,0.564,2022.0
1630181,2022,0.558,22.0,235.0,0.481,2021.0
1630182,2022,0.645,22.0,384.0,0.578,2021.0
1630182,2023,0.588,23.0,376.2,0.645,2022.0
1630182,2024,0.559,24.0,421.6,0.588,2023.0
1630182,2025,0.644,25.0,179.8,0.559,2024.0
1630183,2022,0.611,22.0,718.9,0.553,2021.0
1630183,2023,0.571,23.0,626.4,0.611,2022.0
1630183,2024,0.562,24.0,836.4,0.571,2023.0
1630183,2025,0.611,25.0,810.3,0.562,2024.0
1630184,2022,0.584,22.0,87.5,0.466,2021.0
1630184,2023,0.441,23.0,92.39999999999999,0.584,2022.0
1630188,2022,0.565,23.0,510.0,0.595,2021.0
1630188,2023,0.682,24.0,396.5,0.565,2022.0
1630188,2024,0.586,25.0,409.6,0.682,2023.0
1630188,2025,0.608,26.0,402.79999999999995,0.586,2024.0
1630191,2022,0.56,22.0,440.00000000000006,0.55,2021.0
1630191,2023,0.6,23.0,381.8,0.56,2022.0
1630191,2024,0.616,24.0,316.8,0.6,2023.0
1630191,2025,0.632,25.0,400.20000000000005,0.616,2024.0
1630192,2022,0.62,22.0,196.10000000000002,0.629,2021.0
1630192,2023,0.528,23.0,150.8,0.62,2022.0
1630192,2024,0.574,24.0,142.5,0.528,2023.0
1630192,2025,0.558,25.0,150.79999999999998,0.574,2024.0
1630193,2022,0.578,24.0,939.6,0.543,2021.0
1630193,2023,0.577,25.0,890.8,0.578,2022.0
1630193,2024,0.57,26.0,438.90000000000003,0.577,2023.0
1630193,2025,0.577,27.0,903.0,0.57,2024.0
1630194,2022,0.62,24.0,207.0,0.568,2021.0
1630194,2023,0.58,25.0,483.8,0.62,2022.0
1630194,2024,0.573,26.0,144.0,0.58,2023.0
1630194,2025,0.65,27.0,338.0,0.573,2024.0
1630197,2022,0.522,21.0,248.2,0.485,2021.0
1630197,2023,0.525,22.0,120.39999999999999,0.522,2022.0
1630198,2022,0.626,23.0,511.0,0.519,2021.0
1630198,2023,0.626,24.0,483.6,0.626,2022.0
1630198,2024,0.617,25.0,584.6,0.626,2023.0
1630198,2025,0.657,26.0,539.6,0.617,2024.0
1630200,2022,0.534,23.0,741.2,0.545,2021.0
1630200,2023,0.591,24.0,600.6,0.534,2022.0
1630200,2024,0.617,25.0,239.20000000000002,0.591,2023.0
1630200,2025,0.637,26.0,617.5,0.617,2024.0
1630201,2022,0.479,25.0,243.79999999999998,0.488,2021.0
1630201,2023,0.533,26.0,324.3,0.479,2022.0
1630202,2022,0.536,25.0,244.79999999999998,0.578,2021.0
1630202,2023,0.597,26.0,631.4,0.536,2022.0
1630202,2024,0.633,27.0,864.0,0.597,2023.0
1630202,2025,0.584,28.0,1090.2,0.633,2024.0
1630205,2022,0.524,25.0,285.2,0.544,2021.0
1630205,2023,0.516,26.0,239.4,0.524,2022.0
1630205,2024,0.545,27.0,62.900000000000006,0.516,2023.0
1630208,2022,0.676,25.0,312.0,0.689,2021.0
1630208,2023,0.717,26.0,375.2,0.676,2022.0
1630208,2024,0.634,27.0,347.7,0.717,2023.0
1630208,2025,0.562,28.0,201.60000000000002,0.634,2024.0
1630214,2022,0.621,24.0,305.0,0.51,2021.0
1630214,2023,0.472,25.0,280.8,0.621,2022.0
1630214,2024,0.31,26.0,52.800000000000004,0.472,2023.0
1630215,2024,0.549,24.0,456.0,0.579,2023.0
1630217,2022,0.606,25.0,939.5999999999999,0.592,2021.0
1630217,2023,0.589,26.0,777.0,0.606,2022.0
1630217,2024,0.6,27.0,1021.2,0.589,2023.0
1630217,2025,0.607,28.0,1205.3999999999999,0.6,2024.0
1630219,2022,0.624,25.0,67.80000000000001,0.589,2021.0
1630219,2023,0.466,26.0,159.6,0.624,2022.0
1630224,2022,0.538,21.0,1360.3999999999999,0.547,2021.0
1630224,2023,0.541,22.0,1328.3999999999999,0.538,2022.0
1630224,2024,0.544,23.0,1435.0,0.541,2023.0
1630224,2025,0.516,24.0,512.0,0.544,2024.0
1630227,2022,0.447,21.0,239.4,0.48,2021.0
1630228,2022,0.597,20.0,495.8,0.6,2021.0
1630228,2023,0.598,21.0,858.4,0.597,2022.0
1630228,2024,0.535,22.0,568.6999999999999,0.598,2023.0
1630228,2025,0.557,23.0,338.40000000000003,0.535,2024.0
1630230,2022,0.539,25.0,569.8000000000001,0.505,2021.0
1630230,2023,0.576,26.0,369.59999999999997,0.539,2022.0
1630230,2024,0.584,27.0,710.7,0.576,2023.0
1630230,2025,0.592,28.0,821.4,0.584,2024.0
1630231,2022,0.635,22.0,721.6,0.603,2021.0
1630231,2023,0.563,23.0,180.0,0.635,2022.0
1630231,2024,0.618,24.0,202.1,0.563,2023.0
1630233,2022,0.655,25.0,79.8,0.603,2021.0
1630235,2022,0.424,25.0,59.800000000000004,0.554,2021.0
1630235,2023,0.426,26.0,91.2,0.424,2022.0
1630240,2022,0.517,24.0,120.0,0.499,2021.0
1630240,2023,0.492,25.0,55.199999999999996,0.517,2022.0
1630241,2024,0.583,29.0,426.0,0.598,2023.0
1630241,2025,0.644,30.0,483.6,0.583,2024.0
1630245,2022,0.567,23.0,568.0,0.596,2021.0
1630245,2023,0.604,24.0,722.0,0.567,2022.0
1630245,2024,0.585,25.0,450.8,0.604,2023.0
1630245,2025,0.63,26.0,745.2,0.585,2024.0
1630249,2024,0.661,25.0,290.7,0.633,2023.0
1630249,2025,0.609,26.0,429.0,0.661,2024.0
1630256,2022,0.546,27.0,229.4,0.567,2021.0
1630256,2023,0.538,28.0,227.5,0.546,2022.0
1630256,2024,0.557,29.0,145.6,0.538,2023.0
1630256,2025,0.567,30.0,110.39999999999999,0.557,2024.0
1630264,2022,0.604,30.0,129.8,0.682,2021.0
1630264,2023,0.537,31.0,160.0,0.604,2022.0
1630264,2024,0.586,32.0,86.7,0.537,2023.0
1630264,2025,0.682,33.0,214.5,0.586,2024.0
1630311,2025,0.516,29.0,435.59999999999997,0.455,2024.0
1630314,2024,0.634,25.0,188.1,0.439,2023.0
1630314,2025,0.572,26.0,613.8000000000001,0.634,2024.0
1630322,2022,0.573,25.0,176.29999999999998,0.562,2021.0
1630322,2023,0.653,26.0,102.60000000000001,0.573,2022.0
1630322,2024,0.504,27.0,249.6,0.653,2023.0
1630322,2025,0.532,28.0,88.0,0.504,2024.0
1630346,2023,0.638,27.0,112.0,0.538,2022.0
1630526,2022,0.548,22.0,249.4,0.526,2021.0
1630526,2023,0.564,23.0,93.6,0.548,2022.0
1630526,2024,0.563,24.0,349.8,0.564,2023.0
1630526,2025,0.468,25.0,99.0,0.563,2024.0
1630527,2022,0.515,21.0,121.0,0.481,2021.0
1630527,2023,0.476,22.0,160.0,0.515,2022.0
1630527,2024,0.535,23.0,382.2,0.476,2023.0
1630528,2022,0.523,21.0,326.4,0.534,2021.0
1630529,2022,0.567,24.0,501.59999999999997,0.573,2021.0
1630529,2023,0.636,25.0,585.2,0.567,2022.0
1630529,2024,0.541,26.0,172.0,0.636,2023.0
1630529,2025,0.491,27.0,476.0,0.541,2024.0
1630530,2022,0.65,23.0,797.9,0.558,2021.0
1630530,2023,0.612,24.0,621.3000000000001,0.65,2022.0
1630530,2024,0.598,25.0,837.4000000000001,0.612,2023.0
1630530,2025,0.613,26.0,1049.4,0.598,2024.0
1630531,2024,0.511,22.0,90.3,0.49,2023.0
1630532,2022,0.589,21.0,1120.0,0.559,2021.0
1630532,2023,0.575,22.0,1094.3999999999999,0.589,2022.0
1630532,2024,0.558,23.0,1164.0,0.575,2023.0
1630532,2025,0.588,24.0,506.6,0.558,2024.0
1630533,2022,0.511,21.0,196.1,0.559,2021.0
1630533,2023,0.511,22.0,377.40000000000003,0.511,2022.0
1630533,2024,0.55,23.0,522.9000000000001,0.511,2023.0
1630533,2025,0.579,24.0,431.2,0.55,2024.0
1630534,2023,0.497,24.0,436.79999999999995,0.561,2022.0
1630534,2024,0.601,25.0,531.2,0.497,2023.0
1630534,2025,0.525,26.0,279.0,0.601,2024.0
1630537,2022,0.496,26.0,331.2,0.537,2021.0
1630537,2023,0.512,27.0,212.4,0.496,2022.0
1630538,2022,0.535,22.0,571.1999999999999,0.558,2021.0
1630538,2023,0.49,23.0,251.6,0.535,2022.0
1630538,2024,0.576,24.0,117.60000000000001,0.49,2023.0
1630538,2025,0.599,25.0,468.59999999999997,0.576,2024.0
1630540,2022,0.475,22.0,217.6,0.393,2021.0
1630540,2023,0.59,23.0,455.6,0.475,2022.0
1630540,2024,0.531,24.0,544.0,0.59,2023.0
1630540,2025,0.578,25.0,405.90000000000003,0.531,2024.0
1630541,2022,0.603,21.0,226.8,0.573,2021.0
1630541,2023,0.578,22.0,422.40000000000003,0.603,2022.0
1630541,2024,0.578,23.0,569.8000000000001,0.578,2023.0
1630541,2025,0.6,24.0,558.0,0.578,2024.0
1630543,2022,0.595,21.0,315.0,0.607,2021.0
1630543,2023,0.689,22.0,234.0,0.595,2022.0
1630544,2022,0.492,22.0,502.5,0.501,2021.0
1630544,2023,0.559,23.0,315.7,0.492,2022.0
1630544,2024,0.537,24.0,161.20000000000002,0.559,2023.0
1630544,2025,0.462,25.0,302.1,0.537,2024.0
1630545,2025,0.597,25.0,172.0,0.56,2024.0
1630547,2022,0.463,22.0,193.8,0.459,2021.0
1630548,2023,0.62,23.0,110.0,0.411,2022.0
1630548,2024,0.573,24.0,473.6,0.62,2023.0
1630549,2022,0.581,21.0,172.8,0.593,2021.0
1630549,2023,0.596,22.0,292.8,0.581,2022.0
1630549,2024,0.568,23.0,315.0,0.596,2023.0
1630549,2025,0.638,24.0,353.40000000000003,0.568,2024.0
1630550,2022,0.506,20.0,234.6,0.525,2021.0
1630550,2023,0.519,21.0,182.7,0.506,2022.0
1630550,2024,0.517,22.0,60.0,0.519,2023.0
1630551,2024,0.614,24.0,409.2,0.526,2023.0
1630551,2025,0.589,25.0,462.3,0.614,2024.0
1630552,2023,0.584,22.0,700.0,0.554,2022.0
1630552,2024,0.569,23.0,543.6,0.584,2023.0
1630552,2025,0.581,24.0,1231.2,0.569,2024.0
1630553,2022,0.482,21.0,180.0,0.453,2021.0
1630556,2022,0.502,22.0,93.60000000000001,0.516,2021.0
1630556,2023,0.541,23.0,81.0,0.502,2022.0
1630556,2024,0.597,24.0,136.0,0.541,2023.0
1630557,2022,0.657,24.0,584.6,0.586,2021.0
1630557,2023,0.62,25.0,792.0,0.657,2022.0
1630557,2024,0.584,26.0,567.3000000000001,0.62,2023.0
1630557,2025,0.609,27.0,394.4,0.584,2024.0
1630558,2022,0.545,24.0,400.0,0.489,2021.0
1630558,2023,0.555,25.0,324.0,0.545,2022.0
1630558,2024,0.573,26.0,473.6,0.555,2023.0
1630558,2025,0.582,27.0,532.0,0.573,2024.0
1630559,2022,0.687,25.0,492.8,0.6,2021.0
1630559,2023,0.613,26.0,943.0,0.687,2022.0
1630559,2024,0.616,27.0,1036.6,0.613,2023.0
1630559,2025,0.641,28.0,759.9,0.616,2024.0
1630560,2022,0.567,21.0,456.0,0.519,2021.0
1630560,2023,0.554,22.0,1188.0,0.567,2022.0
1630560,2024,0.575,23.0,455.0,0.554,2023.0
1630560,2025,0.53,24.0,462.0,0.575,2024.0
1630561,2022,0.497,23.0,78.2,0.444,2021.0
1630567,2022,0.524,21.0,1016.4,0.552,2021.0
1630567,2023,0.566,22.0,942.0,0.524,2022.0
1630567,2024,0.523,23.0,1066.0,0.566,2023.0
1630567,2025,0.577,24.0,1120.0,0.523,2024.0
1630568,2022,0.652,24.0,114.79999999999998,0.535,2021.0
1630568,2023,0.576,25.0,75.0,0.652,2022.0
1630568,2024,0.573,26.0,105.30000000000001,0.576,2023.0
1630568,2025,0.682,27.0,358.8,0.573,2024.0
1630570,2022,0.625,22.0,322.40000000000003,0.59,2021.0
1630570,2023,0.611,23.0,308.70000000000005,0.625,2022.0
1630570,2024,0.557,24.0,352.0,0.611,2023.0
1630570,2025,0.573,25.0,270.29999999999995,0.557,2024.0
1630572,2022,0.516,24.0,227.9,0.618,2021.0
1630572,2023,0.559,25.0,156.4,0.516,2022.0
1630572,2024,0.628,26.0,280.59999999999997,0.559,2023.0
1630572,2025,0.637,27.0,632.0,0.628,2024.0
1630573,2023,0.629,26.0,560.9,0.634,2022.0
1630573,2024,0.632,27.0,475.7,0.629,2023.0
1630573,2025,0.59,28.0,600.6,0.632,2024.0
1630577,2023,0.57,23.0,399.6,0.6,2022.0
1630577,2024,0.577,24.0,664.1999999999999,0.57,2023.0
1630577,2025,0.609,25.0,688.8000000000001,0.577,2024.0
1630578,2022,0.599,20.0,802.5,0.552,2021.0
1630578,2023,0.585,21.0,982.8,0.599,2022.0
1630578,2024,0.545,22.0,1140.0,0.585,2023.0
1630578,2025,0.569,23.0,1123.2,0.545,2024.0
1630579,2022,0.78,24.0,109.2,0.674,2021.0
1630579,2023,0.702,25.0,54.0,0.78,2022.0
1630579,2024,0.639,26.0,68.9,0.702,2023.0
1630579,2025,0.772,27.0,187.6,0.639,2024.0
1630581,2022,0.533,20.0,1117.2,0.478,2021.0
1630581,2023,0.547,21.0,848.0,0.533,2022.0
1630581,2024,0.57,22.0,798.0,0.547,2023.0
1630581,2025,0.562,23.0,718.2,0.57,2024.0
1630583,2022,0.591,22.0,523.6,0.452,2021.0
1630583,2023,0.539,23.0,567.3000000000001,0.591,2022.0
1630583,2024,0.588,24.0,650.0,0.539,2023.0
1630583,2025,0.572,25.0,477.3,0.588,2024.0
1630587,2022,0.567,24.0,286.0,0.629,2021.0
1630587,2023,0.46,25.0,115.0,0.567,2022.0
1630590,2024,0.582,24.0,592.5,0.596,2023.0
1630590,2025,0.537,25.0,96.0,0.582,2024.0
1630591,2022,0.528,22.0,445.20000000000005,0.455,2021.0
1630591,2023,0.602,23.0,712.5,0.528,2022.0
1630591,2024,0.536,24.0,479.5,0.602,2023.0
1630591,2025,0.561,25.0,649.8000000000001,0.536,2024.0
1630592,2024,0.541,24.0,616.1999999999999,0.537,2023.0
1630592,2025,0.536,25.0,275.4,0.541,2024.0
1630595,2022,0.492,21.0,224.39999999999998,0.504,2021.0
1630595,2023,0.546,22.0,1165.6000000000001,0.492,2022.0
1630595,2024,0.565,23.0,1456.0,0.546,2023.0
1630595,2025,0.564,24.0,1190.4,0.565,2024.0
1630596,2022,0.591,22.0,948.0,0.549,2021.0
1630596,2023,0.626,23.0,550.0,0.591,2022.0
1630596,2024,0.633,24.0,908.8000000000001,0.626,2023.0
1630596,2025,0.596,25.0,858.0,0.633,2024.0
1630598,2022,0.607,24.0,364.0,0.556,2021.0
1630598,2023,0.664,25.0,374.4,0.607,2022.0
1630598,2024,0.596,26.0,729.6,0.664,2023.0
1630598,2025,0.538,27.0,533.0,0.596,2024.0
1630611,2024,0.575,23.0,179.20000000000002,0.656,2023.0
1630611,2025,0.609,24.0,462.4,0.575,2024.0
1630613,2022,0.458,23.0,257.3,0.521,2021.0
1630623,2025,0.588,26.0,144.0,0.488,2024.0
1630625,2022,0.505,23.0,130.20000000000002,0.463,2021.0
1630625,2023,0.504,24.0,502.20000000000005,0.505,2022.0
1630625,2024,0.497,25.0,509.2,0.504,2023.0
1630631,2022,0.525,25.0,488.0,0.52,2021.0
1630631,2023,0.54,26.0,347.2,0.525,2022.0
1630631,2024,0.523,27.0,520.8000000000001,0.54,2023.0
1630631,2025,0.543,28.0,448.5,0.523,2024.0
1630639,2024,0.542,24.0,189.79999999999998,0.519,2023.0
1630639,2025,0.588,25.0,79.19999999999999,0.542,2024.0
1630643,2025,0.598,28.0,615.0,0.666,2024.0
1630647,2023,0.549,27.0,167.7,0.533,2022.0
1630678,2022,0.557,23.0,74.39999999999999,0.656,2021.0
1630688,2022,0.522,28.0,228.0,0.494,2021.0
1630692,2023,0.451,25.0,381.90000000000003,0.531,2022.0
1630692,2024,0.541,26.0,145.0,0.451,2023.0
1630692,2025,0.525,27.0,553.0,0.541,2024.0
1630695,2025,0.679,28.0,291.40000000000003,0.563,2024.0
1630696,2025,0.532,28.0,322.0,0.656,2024.0
1630699,2023,0.592,23.0,168.0,0.513,2022.0
1630699,2024,0.535,24.0,66.5,0.592,2023.0
1630699,2025,0.563,25.0,75.60000000000001,0.535,2024.0
1630700,2023,0.529,21.0,311.09999999999997,0.503,2022.0
1630700,2024,0.545,22.0,919.6,0.529,2023.0
1630700,2025,0.542,23.0,775.1999999999999,0.545,2024.0
1630702,2023,0.517,21.0,481.79999999999995,0.571,2022.0
1630702,2024,0.549,22.0,416.09999999999997,0.517,2023.0
1630702,2025,0.566,23.0,427.5,0.549,2024.0
1630703,2024,0.54,21.0,686.4,0.489,2023.0
1630703,2025,0.553,22.0,342.0,0.54,2024.0
1630811,2025,0.52,27.0,169.60000000000002,0.503,2024.0
1631093,2023,0.536,22.0,970.1999999999999,0.528,2022.0
1631093,2024,0.569,23.0,414.0,0.536,2023.0
1631093,2025,0.571,24.0,255.3,0.569,2024.0
1631094,2023,0.546,21.0,1408.0,0.529,2022.0
1631094,2024,0.551,22.0,910.8000000000001,0.546,2023.0
1631094,2025,0.566,23.0,1152.0,0.551,2024.0
1631095,2023,0.571,21.0,836.0,0.514,2022.0
1631095,2024,0.562,22.0,564.3000000000001,0.571,2023.0
1631095,2025,0.569,23.0,977.9,0.562,2024.0
1631096,2024,0.599,23.0,342.4,0.632,2023.0
1631096,2025,0.653,24.0,779.7,0.599,2024.0
1631097,2023,0.562,22.0,660.8,0.566,2022.0
1631097,2024,0.579,23.0,849.6,0.562,2023.0
1631097,2025,0.575,24.0,675.0,0.579,2024.0
1631098,2023,0.462,22.0,155.0,0.446,2022.0
1631098,2024,0.473,23.0,78.19999999999999,0.462,2023.0
1631099,2023,0.569,23.0,977.9,0.597,2022.0
1631099,2024,0.553,24.0,820.8000000000001,0.569,2023.0
1631099,2025,0.499,25.0,299.0,0.553,2024.0
1631100,2023,0.382,20.0,62.0,0.577,2022.0
1631101,2023,0.524,21.0,435.2,0.568,2022.0
1631101,2024,0.551,22.0,1101.6000000000001,0.524,2023.0
1631101,2025,0.546,23.0,869.9999999999999,0.551,2024.0
1631103,2023,0.526,21.0,630.0,0.524,2022.0
1631103,2024,0.575,22.0,188.0,0.526,2023.0
1631103,2025,0.604,23.0,92.39999999999999,0.575,2024.0
1631104,2023,0.537,21.0,213.5,0.393,2022.0
1631104,2024,0.51,22.0,185.60000000000002,0.537,2023.0
1631104,2025,0.511,23.0,124.0,0.51,2024.0
1631105,2023,0.653,20.0,561.1999999999999,0.655,2022.0
1631105,2024,0.703,21.0,546.0,0.653,2023.0
1631105,2025,0.688,22.0,805.0,0.703,2024.0
1631106,2023,0.528,23.0,189.2,0.525,2022.0
1631106,2024,0.567,24.0,558.6,0.528,2023.0
1631106,2025,0.514,25.0,582.0,0.567,2024.0
1631107,2023,0.583,21.0,280.59999999999997,0.53,2022.0
1631107,2024,0.595,22.0,377.2,0.583,2023.0
1631107,2025,0.48,23.0,314.90000000000003,0.595,2024.0
1631108,2023,0.544,21.0,241.20000000000002,0.566,2022.0
1631108,2024,0.57,22.0,592.8,0.544,2023.0
1631108,2025,0.601,23.0,723.8000000000001,0.57,2024.0
1631109,2023,0.675,22.0,150.1,0.659,2022.0
1631109,2024,0.647,23.0,448.79999999999995,0.675,2023.0
1631109,2025,0.68,24.0,438.0,0.647,2024.0
1631110,2023,0.513,21.0,777.0,0.509,2022.0
1631110,2024,0.589,22.0,469.79999999999995,0.513,2023.0
1631110,2025,0.563,23.0,127.6,0.589,2024.0
1631114,2023,0.621,23.0,994.0,0.601,2022.0
1631114,2024,0.573,24.0,1166.1,0.621,2023.0
1631114,2025,0.56,25.0,445.5,0.573,2024.0
1631115,2023,0.596,23.0,72.0,0.565,2022.0
1631115,2024,0.519,24.0,259.6,0.596,2023.0
1631116,2023,0.502,21.0,155.79999999999998,0.546,2022.0
1631117,2023,0.663,22.0,352.0,0.702,2022.0
1631117,2024,0.66,23.0,417.6,0.663,2023.0
1631119,2023,0.561,22.0,227.7,0.559,2022.0
1631119,2024,0.594,23.0,220.9,0.561,2023.0
1631119,2025,0.597,24.0,351.0,0.594,2024.0
1631121,2023,0.565,21.0,230.1,0.519,2022.0
1631124,2024,0.559,23.0,487.5,0.482,2023.0
1631124,2025,0.59,24.0,319.2,0.559,2024.0
1631128,2023,0.554,23.0,483.8,0.568,2022.0
1631128,2024,0.665,24.0,821.6,0.554,2023.0
1631128,2025,0.607,25.0,387.20000000000005,0.665,2024.0
1631131,2025,0.633,26.0,145.8,0.64,2024.0
1631132,2025,0.453,26.0,72.9,0.624,2024.0
1631133,2023,0.546,21.0,511.2,0.496,2022.0
1631133,2024,0.601,22.0,228.0,0.546,2023.0
1631133,2025,0.568,23.0,211.2,0.601,2024.0
1631157,2025,0.583,23.0,1028.6000000000001,0.6,2024.0
1631165,2024,0.664,25.0,464.0,0.627,2023.0
1631165,2025,0.579,26.0,381.59999999999997,0.664,2024.0
1631166,2025,0.658,25.0,64.8,0.5,2024.0
1631169,2025,0.653,23.0,249.89999999999998,0.605,2024.0
1631170,2024,0.543,24.0,462.0,0.574,2023.0
1631170,2025,0.57,25.0,915.0,0.543,2024.0
1631172,2023,0.54,21.0,115.5,0.505,2022.0
1631172,2024,0.538,22.0,125.8,0.54,2023.0
1631172,2025,0.516,23.0,399.0,0.538,2024.0
1631197,2024,0.602,25.0,86.8,0.597,2023.0
1631200,2024,0.472,24.0,276.0,0.481,2023.0
1631200,2025,0.55,25.0,273.59999999999997,0.472,2024.0
1631204,2024,0.589,24.0,296.40000000000003,0.542,2023.0
1631204,2025,0.533,25.0,178.6,0.589,2024.0
1631207,2023,0.512,21.0,159.3,0.523,2022.0
1631207,2024,0.546,22.0,270.1,0.512,2023.0
1631207,2025,0.523,23.0,153.60000000000002,0.546,2024.0
1631212,2023,0.539,21.0,448.0,0.553,2022.0
1631212,2024,0.564,22.0,428.4,0.539,2023.0
1631212,2025,0.594,23.0,583.2,0.564,2024.0
1631213,2025,0.501,27.0,276.0,0.533,2024.0
1631216,2023,0.582,21.0,206.5,0.508,2022.0
1631216,2024,0.605,22.0,191.39999999999998,0.582,2023.0
1631217,2025,0.653,24.0,365.0,0.609,2024.0
1631218,2024,0.587,25.0,303.8,0.692,2023.0
1631218,2025,0.578,26.0,121.89999999999999,0.587,2024.0
1631221,2024,0.578,26.0,158.4,0.586,2023.0
1631221,2025,0.575,27.0,840.0,0.578,2024.0
1631222,2023,0.54,22.0,304.5,0.531,2022.0
1631222,2024,0.591,23.0,336.59999999999997,0.54,2023.0
1631222,2025,0.571,24.0,524.8000000000001,0.591,2024.0
1631223,2023,0.484,23.0,409.5,0.519,2022.0
1631223,2024,0.561,24.0,125.39999999999999,0.484,2023.0
1631230,2023,0.548,21.0,112.2,0.567,2022.0
1631230,2024,0.58,22.0,112.0,0.548,2023.0
1631230,2025,0.597,23.0,397.59999999999997,0.58,2024.0
1631243,2025,0.539,23.0,292.59999999999997,0.52,2024.0
1631245,2025,0.589,27.0,328.3,0.58,2024.0
1631246,2024,0.504,24.0,167.4,0.597,2023.0
1631246,2025,0.478,25.0,292.0,0.504,2024.0
1631248,2025,0.616,25.0,331.09999999999997,0.49,2024.0
1631254,2023,0.537,21.0,77.7,0.572,2022.0
1631255,2025,0.696,25.0,235.6,0.639,2024.0
1631260,2023,0.617,24.0,196.0,0.607,2022.0
1631260,2024,0.621,25.0,423.4,0.617,2023.0
1631260,2025,0.627,26.0,616.2,0.621,2024.0
1631288,2023,0.544,25.0,78.0,0.647,2022.0
1631288,2024,0.544,26.0,159.1,0.544,2023.0
1631288,2025,0.624,27.0,152.0,0.544,2024.0
1631311,2024,0.514,24.0,78.0,0.533,2023.0
1631323,2023,0.6,28.0,547.8000000000001,0.495,2022.0
1631323,2024,0.544,29.0,375.0,0.6,2023.0
1631323,2025,0.579,30.0,469.0,0.544,2024.0
1631466,2024,0.496,26.0,62.0,0.565,2023.0
1631466,2025,0.592,27.0,88.2,0.496,2024.0
1641705,2024,0.594,21.0,855.6,0.565,2023.0
1641705,2025,0.626,22.0,1081.6,0.594,2024.0
1641706,2024,0.54,22.0,491.4,0.552,2023.0
1641706,2025,0.574,23.0,1046.5,0.54,2024.0
1641708,2024,0.602,22.0,696.9,0.576,2023.0
1641708,2025,0.594,23.0,1042.8,0.602,2024.0
1641709,2024,0.568,22.0,460.2,0.522,2023.0
1641709,2025,0.545,23.0,576.7,0.568,2024.0
1641710,2024,0.521,21.0,616.2,0.56,2023.0
1641710,2025,0.549,22.0,774.4,0.521,2024.0
1641711,2024,0.543,21.0,648.0,0.546,2023.0
1641711,2025,0.538,22.0,387.59999999999997,0.543,2024.0
1641712,2024,0.499,21.0,140.4,0.451,2023.0
1641712,2025,0.493,22.0,313.6,0.499,2024.0
1641713,2024,0.482,20.0,200.10000000000002,0.554,2023.0
1641713,2025,0.591,21.0,511.50000000000006,0.482,2024.0
1641715,2024,0.549,20.0,402.90000000000003,0.561,2023.0
1641715,2025,0.528,21.0,168.0,0.549,2024.0
1641716,2024,0.59,21.0,360.0,0.527,2023.0
1641716,2025,0.543,22.0,729.6,0.59,2024.0
1641717,2024,0.562,21.0,489.6,0.612,2023.0
1641717,2025,0.538,22.0,585.1999999999999,0.562,2024.0
1641718,2024,0.539,21.0,917.9,0.533,2023.0
1641718,2025,0.609,22.0,880.2,0.539,2024.0
1641722,2024,0.504,23.0,554.4,0.533,2023.0
1641722,2025,0.48,24.0,255.0,0.504,2024.0
1641724,2025,0.561,22.0,252.99999999999997,0.491,2024.0
1641726,2024,0.704,21.0,190.79999999999998,0.728,2023.0
1641727,2025,0.51,21.0,93.0,0.58,2024.0
1641729,2024,0.612,21.0,596.4,0.511,2023.0
1641729,2025,0.59,22.0,855.0,0.612,2024.0
1641730,2024,0.516,20.0,372.59999999999997,0.626,2023.0
1641730,2025,0.554,21.0,633.6,0.516,2024.0
1641731,2024,0.515,20.0,625.4,0.543,2023.0
1641731,2025,0.531,21.0,543.1999999999999,0.515,2024.0
1641732,2024,0.544,23.0,128.7,0.422,2023.0
1641733,2024,0.502,21.0,570.0,0.511,2023.0
1641733,2025,0.552,22.0,162.0,0.502,2024.0
1641737,2025,0.638,23.0,220.1,0.714,2024.0
1641738,2024,0.513,25.0,72.0,0.49,2023.0
1641738,2025,0.594,26.0,268.40000000000003,0.513,2024.0
1641739,2024,0.572,25.0,717.5999999999999,0.547,2023.0
1641739,2025,0.578,26.0,893.8000000000001,0.572,2024.0
1641740,2025,0.534,24.0,231.2,0.598,2024.0
1641741,2024,0.502,23.0,459.9,0.604,2023.0
1641744,2025,0.669,24.0,97.9,0.624,2024.0
1641748,2024,0.554,23.0,194.29999999999998,0.596,2023.0
1641748,2025,0.425,24.0,120.0,0.554,2024.0
1641757,2025,0.628,26.0,402.0,0.509,2024.0
1641763,2024,0.571,21.0,284.40000000000003,0.521,2023.0
1641763,2025,0.534,22.0,120.0,0.571,2024.0
1641764,2024,0.557,22.0,627.2,0.54,2023.0
1641764,2025,0.583,23.0,869.1999999999999,0.557,2024.0
1641765,2024,0.484,22.0,171.6,0.496,2023.0
1641765,2025,0.662,23.0,349.79999999999995,0.484,2024.0
1641767,2024,0.555,23.0,289.79999999999995,0.524,2023.0
1641767,2025,0.561,24.0,390.0,0.555,2024.0
1641774,2024,0.608,22.0,241.5,0.554,2023.0
1641774,2025,0.603,23.0,318.5,0.608,2024.0
1641775,2025,0.623,22.0,265.2,0.464,2024.0
1641783,2025,0.576,25.0,623.6999999999999,0.522,2024.0
1641787,2024,0.53,24.0,221.20000000000002,0.616,2023.0
1641796,2025,0.605,25.0,560.0,0.546,2024.0
1641816,2025,0.398,26.0,52.5,0.506,2024.0
1641824,2025,0.586,21.0,962.5,0.571,2024.0
1641842,2025,0.525,20.0,546.0,0.556,2024.0
1641854,2024,0.61,25.0,137.70000000000002,0.564,2023.0
1641854,2025,0.524,26.0,256.0,0.61,2024.0
1641871,2024,0.552,29.0,165.6,0.571,2023.0
1641871,2025,0.613,30.0,73.6,0.552,2024.0
1641890,2025,0.532,21.0,50.400000000000006,0.626,2024.0
1641998,2024,0.537,25.0,72.2,0.582,2023.0
1642258,2025,0.557,21.0,536.0,0.558,2024.0
1642259,2025,0.544,21.0,657.5999999999999,0.482,2024.0
1642261,2025,0.568,25.0,189.0,0.594,2024.0
1642262,2025,0.524,21.0,509.2,0.419,2024.0
1642263,2025,0.564,22.0,943.0,0.465,2024.0
1642264,2025,0.575,21.0,816.0,0.522,2024.0
1642265,2025,0.469,21.0,409.5,0.503,2024.0
1642266,2025,0.61,21.0,403.2,0.523,2024.0
1642267,2025,0.556,20.0,738.0,0.514,2024.0
1642268,2025,0.567,21.0,513.3,0.494,2024.0
1642269,2025,0.508,24.0,292.6,0.471,2024.0
1642270,2025,0.604,22.0,685.3000000000001,0.574,2024.0
1642271,2025,0.586,22.0,654.5,0.594,2024.0
1642272,2025,0.551,22.0,482.40000000000003,0.589,2024.0
1642273,2025,0.559,22.0,576.0,0.503,2024.0
1642274,2025,0.556,22.0,297.0,0.572,2024.0
1642275,2025,0.629,20.0,159.1,0.457,2024.0
1642276,2025,0.616,22.0,646.8000000000001,0.603,2024.0
1642277,2025,0.547,21.0,150.5,0.506,2024.0
1642278,2025,0.533,25.0,248.0,0.453,2024.0
1642281,2025,0.608,23.0,673.1999999999999,0.523,2024.0
1642285,2025,0.649,26.0,554.4,0.587,2024.0
1642345,2025,0.636,23.0,369.0,0.61,2024.0
1642346,2025,0.532,23.0,364.0,0.517,2024.0
1642347,2025,0.491,23.0,500.2,0.499,2024.0
1642348,2025,0.572,22.0,320.0,0.559,2024.0
1642349,2025,0.585,24.0,592.8000000000001,0.587,2024.0
1642354,2025,0.426,23.0,100.0,0.437,2024.0
1642355,2025,0.517,21.0,113.4,0.424,2024.0
1642358,2025,0.413,21.0,177.60000000000002,0.48,2024.0
1642366,2025,0.56,26.0,442.2,0.595,2024.0
1642377,2025,0.559,22.0,696.9,0.56,2024.0
1642382,2025,0.613,27.0,184.8,0.581,2024.0
1642419,2025,0.635,25.0,146.4,0.59,2024.0
