PLAYER_ID,PLAYER_NAME,TEAM,PROJECTED_AGE,PROJECTED_TS_PCT,HDI_LOW,HDI_HIGH
1630579,Jericho Sims,MIL,28.0,0.7090589009067539,0.677785324876014,0.7388692158703465
1629655,Daniel Gafford,DAL,28.0,0.6985195159826663,0.66812315046324,0.730101695056982
1629057,Robert Williams III,POR,29.0,0.6935369850495602,0.6594976677060905,0.7268405138127043
1641750,Ryan Kalkbrenner,CHA,25.0,0.6932851878468228,0.6364129308375482,0.7497724635476547
203939,Dwight Powell,DAL,35.0,0.6864890599123226,0.6554825429268318,0.7172287145039629
1629637,Jaxson Hayes,LAL,27.0,0.6811504392272538,0.6502749205819032,0.7141283811925848
1628436,Luke Kornet,SAS,31.0,0.6799712895810771,0.6452649170465479,0.7138746585478529
1628386,Jarrett Allen,CLE,29.0,0.664450280328497,0.6355973402677904,0.6958544693258708
1631109,Mark Williams,PHX,25.0,0.6605559445155632,0.6273903982780191,0.6945992147325347
1631105,Jalen Duren,DET,23.0,0.6604308998894498,0.6269585241827318,0.6950950149015294
1630168,Onyeka Okongwu,ATL,26.0,0.6597461058164529,0.6293762808795343,0.6902327718502721
203497,Rudy Gobert,MIN,35.0,0.6590069770298249,0.6287398888672251,0.6912312056857344
1630208,Nick Richards,CHI,29.0,0.6522225774360463,0.6200393809015696,0.6834212319996513
203999,Nikola Jokić,DEN,32.0,0.6519396469561244,0.6239598618338644,0.6836144394555186
1629674,Neemias Queta,BOS,27.0,0.6511112555264733,0.6140784548704614,0.6913572344198481
1642504,Cormac Ryan,MIL,28.0,0.6483448892341235,0.5906028819731215,0.7048778554268224
1642949,Yanic Konan Niederhäuser,LAC,24.0,0.6474254865560255,0.589770319520628,0.7046000191082135
1641747,DaRon Holmes II,DEN,24.0,0.6471404611812502,0.5908320155132724,0.7053779794064352
1628379,Luke Kennard,LAL,31.0,0.6444366617611967,0.6142212448043217,0.6752293268920468
1642396,Blake Hinson,UTA,27.0,0.6443759526515789,0.589306447867307,0.7007022830563511
1627826,Ivica Zubac,IND,30.0,0.6432621453081235,0.6132893219591026,0.6749823652199729
1629011,Mitchell Robinson,NYK,29.0,0.6431803601787418,0.6113737912393188,0.673844587205134
1630543,Isaiah Jackson,LAC,25.0,0.642529311746854,0.6074506299219414,0.6773166355110907
1631255,Karlo Matković,NOP,26.0,0.6415805035617917,0.5968868887539887,0.6874528766882677
1629651,Nic Claxton,BKN,28.0,0.6392193253150235,0.6086355321177415,0.6679928694626168
1627751,Jakob Poeltl,TOR,31.0,0.6376592035070319,0.6069860711137148,0.6678406396715143
1641737,Adem Bona,PHI,24.0,0.6363342176493447,0.5908570611570783,0.680890047718778
1627780,Gary Payton II,GSW,34.0,0.6357420669771172,0.6040357850866911,0.6653676679189853
1642866,Joan Beringer,MIN,20.0,0.6350517643166391,0.5779009889544219,0.6911512108596995
1628418,Thomas Bryant,CLE,29.0,0.6319975615029556,0.6016075296031688,0.6608524255416904
1629234,Drew Eubanks,SAC,30.0,0.6305171107450969,0.6006596710106955,0.660896064270262
1629028,Deandre Ayton,LAL,28.0,0.6302142263694764,0.5997560817739531,0.6598535267015309
1629627,Zion Williamson,NOP,26.0,0.6299289262724288,0.5961012296704307,0.6624001636578875
1628392,Isaiah Hartenstein,OKC,29.0,0.627883398221213,0.5979205411714905,0.658002940050713
1630559,Austin Reaves,LAL,29.0,0.6276605748812979,0.5974687373096382,0.6567795616779606
1629048,Goga Bitadze,ORL,27.0,0.6271558490731826,0.5965609390953374,0.6579428295905286
1631096,Chet Holmgren,OKC,25.0,0.6270850179278091,0.5874369163924212,0.6635504889951045
1641744,Zach Edey,MEM,25.0,0.6266415377143455,0.5795599178267014,0.6686899068662638
1627734,Domantas Sabonis,SAC,31.0,0.6249264669516863,0.5941814755525218,0.6550841215896546
1629750,Javonte Green,DET,33.0,0.6245381843042158,0.5930434125920522,0.655683764271498
203507,Giannis Antetokounmpo,MIL,32.0,0.6229049330643481,0.592013575229702,0.6546922820094587
1631218,Trayce Jackson-Davis,TOR,27.0,0.6221849588521148,0.5852813827019341,0.6619547902659133
1628983,Shai Gilgeous-Alexander,OKC,28.0,0.6202773116223559,0.5886012091280787,0.65050492646361
1630167,Obi Toppin,IND,29.0,0.6200472981591341,0.5894164905963254,0.6524024683457419
1631217,Moussa Diabaté,CHA,25.0,0.618615835403607,0.576687419111603,0.6640218494410087
1630611,Gui Santos,GSW,25.0,0.6186017832891993,0.5802935446627795,0.6563414348525177
1626157,Karl-Anthony Towns,NYK,31.0,0.6181928199403128,0.5885254101727149,0.6482165615952943
1630182,Josh Green,CHA,26.0,0.6173228493013634,0.5874290168963796,0.6488950760847665
1631260,AJ Green,MIL,27.0,0.6168018853056926,0.5850461960626601,0.6512492077090072
1631169,Josh Minott,BKN,24.0,0.6167933892764834,0.5740367798994787,0.6624155992737774
1630557,Corey Kispert,ATL,28.0,0.6167782130442931,0.5850332582413228,0.6461108382210285
1629021,Moritz Wagner,ORL,30.0,0.6161588195180356,0.5860537538159443,0.6474919801791138
1631250,Pete Nance,MIL,27.0,0.6160490217975392,0.5615176918163397,0.6733650300110542
1630188,Jalen Smith,CHI,27.0,0.615823641361224,0.5838936671537629,0.6462354054585114
1631131,Oscar Tshiebwe,UTA,27.0,0.6157984027891178,0.5710943666470998,0.6597650096384182
203954,Joel Embiid,PHI,33.0,0.6156373155621229,0.5852775380818823,0.6467627274310006
1628381,John Collins,LAC,29.0,0.6154905502049512,0.5863325216070415,0.6455726116486237
201142,Kevin Durant,HOU,38.0,0.6149902561876979,0.584328381214815,0.6463112340747313
1630573,Sam Hauser,BOS,29.0,0.6148723123933918,0.5802394307334092,0.6463727188563475
1628976,Wendell Carter Jr.,ORL,28.0,0.6145244191346344,0.5854840649511605,0.6470145361786105
1630695,Micah Potter,IND,29.0,0.6141827432492923,0.5693197111909732,0.6580322164749216
1629726,Garrison Mathews,IND,30.0,0.6132584477359343,0.5823218859998784,0.6440428548852473
1626167,Myles Turner,MIL,31.0,0.6130635035846933,0.5819279566486816,0.6438808810738528
1643052,Chaney Johnson,BKN,25.0,0.6121421088238669,0.5563711895577668,0.667182561307065
1630568,Luka Garza,BOS,28.0,0.6121326164581848,0.5810597462650291,0.6431067818235533
1642345,Oso Ighodaro,PHX,24.0,0.6114418564571278,0.5653165194624903,0.6542783553368458
1631165,Keon Ellis,CLE,27.0,0.6110181263920379,0.5728987896997498,0.6487538694380256
1630530,Trey Murphy III,NOP,27.0,0.6108374765334624,0.5809785405310193,0.6409726426806631
1630198,Isaiah Joe,OKC,27.0,0.6108298658237058,0.5817002179914043,0.6430480596195856
1629684,Grant Williams,CHA,28.0,0.6106006732286768,0.5804551042023134,0.6404620302691623
1628960,Grayson Allen,PHX,31.0,0.610351399381393,0.5804675633194138,0.6422968588688465
1642285,Cam Spencer,MEM,27.0,0.6102107817074457,0.5638808729400268,0.6523638604656797
1630549,Day'Ron Sharpe,BKN,25.0,0.6093491858494972,0.5789603299966553,0.639594198047101
1628374,Lauri Markkanen,UTA,30.0,0.6093479468147988,0.5807873463549196,0.6413175469476908
1631159,Leonard Miller,CHI,23.0,0.6092475761391827,0.5549195976099117,0.666027735849769
1630264,Anthony Gill,WAS,34.0,0.6088403703695175,0.5780884590182833,0.6393156426325459
1629661,Cameron Johnson,DEN,31.0,0.6087943096327405,0.5796472529202472,0.6411268793548258
1628963,Marvin Bagley III,DAL,28.0,0.6075458954213021,0.5759076130932457,0.6372336601560936
1630643,Jay Huff,IND,29.0,0.6069415614311321,0.562348176853719,0.6520622618349261
1630570,Trendon Watford,PHI,26.0,0.6066964156376409,0.5776444035166068,0.6388490749881255
203932,Aaron Gordon,DEN,31.0,0.6066627173074428,0.5752550837040267,0.6351238826464121
1642419,Jamison Battle,TOR,26.0,0.6060882843265031,0.5628147918901208,0.6502496870026316
1642851,Kon Knueppel,CHA,21.0,0.6056098734651917,0.5488017747615702,0.6617822684815777
1628380,Zach Collins,CHI,29.0,0.6053035692900003,0.5737789637548245,0.6347365706947171
1629029,Luka Dončić,LAL,28.0,0.6048361003556391,0.5747308198657148,0.6364628881366229
1630194,Paul Reed,DET,28.0,0.6045553500371991,0.5758599451925456,0.6351312115048586
1630241,Sam Merrill,CLE,31.0,0.6043217567371506,0.5649814914222958,0.6405444090999769
1642461,Spencer Jones,DEN,26.0,0.6042769202745712,0.5495129852634901,0.6598420862009572
204001,Kristaps Porziņģis,GSW,31.0,0.6042174687389674,0.5738183805901268,0.6353426007976629
1627884,Derrick Jones Jr.,LAC,30.0,0.6037004657640253,0.57568468907265,0.6351088101405309
203084,Harrison Barnes,SAS,35.0,0.6036555077336907,0.5731724308347171,0.6354201601604381
202710,Jimmy Butler III,GSW,37.0,0.6036347330703261,0.5727485534057475,0.6337355356483929
1630574,Ariel Hukporti,NYK,25.0,0.6033243068528029,0.5464659796066186,0.6607306408679399
1630249,Vít Krejčí,POR,27.0,0.6032952454065558,0.5680148608929949,0.6373817814148605
1630245,Ayo Dosunmu,MIN,27.0,0.6029967240240103,0.5737139548157442,0.63396633923273
1630171,Isaac Okoro,CHI,26.0,0.602352425666628,0.572268037812307,0.6312299092601179
1642276,Kel'el Ware,MIA,23.0,0.6018173666248733,0.558071406567825,0.646416721749854
1642875,Maxime Raynaud,SAC,24.0,0.6017934423643055,0.5486123209469679,0.661066612790732
1642867,Collin Murray-Boyles,TOR,22.0,0.6008781401085838,0.5471606690806357,0.6584965593996123
202695,Kawhi Leonard,LAC,36.0,0.6008149238744104,0.5662509587802562,0.634122072452769
202685,Jonas Valanciunas,DEN,35.0,0.6007072331876682,0.5706511441558119,0.6311181926178802
1642854,Asa Newell,ATL,21.0,0.6004472386338754,0.5457209567843426,0.6571340326174769
1630596,Evan Mobley,CLE,26.0,0.600441044224594,0.5718854100611975,0.6319968929207099
1630217,Desmond Bane,ORL,29.0,0.60011843625954,0.5695151993345714,0.6282451143107484
1631288,Jamal Cain,ORL,28.0,0.599875956799175,0.5659948138171871,0.6339170916173571
1630228,Jonathan Kuminga,ATL,24.0,0.5998352996037802,0.5693124422765999,0.6301028470252782
1629060,Rui Hachimura,LAL,29.0,0.599090523069347,0.5676324036174921,0.6277997167327001
1626181,Norman Powell,MIA,34.0,0.5989089551182312,0.5687280156609809,0.6303305903661865
1630541,Moses Moody,GSW,25.0,0.5988245968589407,0.5668515693200487,0.6292163724136095
1631114,Jalen Williams,OKC,26.0,0.5980626700337615,0.5655759014550923,0.6316084762229497
1629675,Naz Reid,MIN,27.0,0.5980373720540004,0.5681938609432843,0.6279754982766279
1641705,Victor Wembanyama,SAS,23.0,0.5978589241405884,0.5602000683843369,0.6349766725836239
1630577,Julian Champagnie,SAS,26.0,0.5975000748695047,0.5657936755137457,0.6307287586224717
1629027,Trae Young,WAS,28.0,0.5974807375483187,0.5678378478429704,0.628266054217191
1628396,Tony Bradley,ATL,29.0,0.5971138758551704,0.5567431911112384,0.6414072849793031
1630536,Sharife Cooper,WAS,26.0,0.5971103442336676,0.5417812039886165,0.6534107884130382
1630178,Tyrese Maxey,PHI,26.0,0.5968428297027469,0.5670599282126252,0.627746603317844
1630598,Aaron Wiggins,OKC,28.0,0.5967675150929729,0.5643437245592269,0.625905621179914
201939,Stephen Curry,GSW,39.0,0.5967565278743,0.5645487753882091,0.6271617577571047
1642914,Javon Small,MEM,24.0,0.5965538573979544,0.5417546873741604,0.6530883946682544
1642967,John Poulakidas,DAL,24.0,0.596341110460416,0.5398185742568724,0.652903104539653
203897,Zach LaVine,SAC,32.0,0.596252707683205,0.5652288920874059,0.6255058739949818
1628378,Donovan Mitchell,CLE,30.0,0.5961939051410393,0.5670289736989241,0.6253764306172989
203482,Kelly Olynyk,SAS,36.0,0.5960309925148584,0.5658436227699558,0.6266071237579127
1642066,Myron Gardner,MIA,26.0,0.5955800258774633,0.5385660754034024,0.6505078806148333
1630191,Isaiah Stewart,DET,26.0,0.5953556260753394,0.5660054796196616,0.6241212770993114
1629012,Collin Sexton,CHI,28.0,0.5951599616400176,0.5650140282421452,0.625456761540665
1641869,Malachi Smith,BKN,27.0,0.5949746793236342,0.5388310915506718,0.6521482448612391
1642857,Kasparas Jakučionis,MIA,21.0,0.5946848777571329,0.540541891290713,0.6513111186947609
1630183,Jaden McDaniels,MIN,26.0,0.594606924656801,0.5646853408066378,0.624928061426949
1631166,Drew Timme,LAL,26.0,0.5941940887468812,0.5484450737408343,0.6398390964271733
1630192,Zeke Nnaji,DEN,26.0,0.5934450131594418,0.5634920947373439,0.6252796174540987
1642382,Branden Carlson,OKC,28.0,0.5933606389149755,0.5485601176500957,0.636899359620743
1641708,Amen Thompson,HOU,24.0,0.5932394604917902,0.5548197423000233,0.6296434147644193
1629611,Terance Mann,BKN,30.0,0.5931790073508973,0.5623126261758065,0.6220412084918303
1626164,Devin Booker,PHX,30.0,0.5927398204426569,0.5638026619556925,0.6241442684750317
1626204,Larry Nance Jr.,CLE,34.0,0.5910250786211432,0.5594805824646353,0.6209043191961361
1631128,Christian Braun,DEN,26.0,0.5909664457195625,0.5573750078117912,0.6239578062626938
1630604,E.J. Liddell,BKN,26.0,0.5909404848896859,0.5325084731723156,0.6446958203060593
1628969,Mikal Bridges,NYK,30.0,0.5909310485670651,0.5609554731768461,0.6219746091356808
1630162,Anthony Edwards,MIN,25.0,0.5908995285633707,0.5618375231036588,0.6229535593828087
1628384,OG Anunoby,NYK,29.0,0.5905327333994337,0.5594565071140327,0.6210669162147179
1627750,Jamal Murray,DEN,30.0,0.590324329265664,0.5596297485601341,0.6255162303373113
1641790,PJ Hall,CHA,25.0,0.5903072037689728,0.5359707639861084,0.6462911196185005
1642270,Donovan Clingan,POR,23.0,0.5903047680540975,0.5468783267204691,0.6332186017758469
1629111,Jock Landale,ATL,31.0,0.5902493372615236,0.5597787852778244,0.6207933424272944
203991,Clint Capela,HOU,33.0,0.5899867763262507,0.5595687463324469,0.6205637621759978
1630578,Alperen Sengun,HOU,24.0,0.58973980180449,0.5566602490481317,0.6180603628345894
1629020,Jarred Vanderbilt,LAL,28.0,0.5896369373813937,0.5583229708182941,0.6194014651069285
1630572,Sandro Mamukelashvili,TOR,28.0,0.5893961688508828,0.559820699231813,0.6197080274014533
1630532,Franz Wagner,ORL,25.0,0.5892227893030895,0.5601059166240606,0.6207839870026177
1641774,Tristan Vukcevic,WAS,24.0,0.5891809510987903,0.5500315621380535,0.6261735790529437
1642920,Kobe Sanders,LAC,25.0,0.5890693635038943,0.5330095133143703,0.6463356291966477
1628973,Jalen Brunson,NYK,30.0,0.5890042894058243,0.5595986766735248,0.6207402610712587
1627752,Taurean Prince,MIL,33.0,0.5882532527692265,0.5600342496146443,0.6187622908326942
1642954,Will Richard,GSW,24.0,0.5876950789697557,0.5282307941795472,0.6410077217931365
1641730,Noah Clowney,BKN,22.0,0.5873684386107861,0.5486172065741649,0.6259032601613165
1642271,Kyle Filipowski,UTA,23.0,0.5873388409382235,0.5434020751223577,0.6324327930064416
1631157,Ryan Rollins,MIL,24.0,0.5873013574134262,0.5420743932090077,0.6288860493394808
203914,Gary Harris,MIL,32.0,0.5870929804580088,0.5561640998026289,0.6177420341101568
1628369,Jayson Tatum,BOS,29.0,0.5869525465163883,0.5562296445505034,0.6174401273927916
1628404,Josh Hart,NYK,32.0,0.5868065737026771,0.5566428004057118,0.6180029992812355
1630200,Tre Jones,CHI,27.0,0.586198344301791,0.5548440691957888,0.6165684782721992
1642928,Dylan Cardwell,SAC,25.0,0.5858302004753543,0.5304362431325901,0.6409862344736204
1629636,Darius Garland,LAC,27.0,0.5857286705900775,0.5558074948945572,0.6165198327040334
1628389,Bam Adebayo,MIA,29.0,0.5853033147470903,0.5560731467698976,0.6172015174864987
1629640,Keldon Johnson,SAS,27.0,0.5849878684711919,0.5544539911005423,0.6154906939393773
1642349,Ajay Mitchell,OKC,25.0,0.5849572134365674,0.540488089651618,0.6285690783601134
1631221,Collin Gillespie,PHX,28.0,0.58462970069595,0.5458582428840745,0.6231618918532957
1631119,Jaylin Williams,OKC,25.0,0.5844233854469756,0.5525397076527603,0.6211917741558043
203076,Anthony Davis,WAS,34.0,0.5844151755833085,0.5537951258591188,0.6156321213878534
1641717,Cason Wallace,OKC,23.0,0.5843893117378207,0.5466473129076312,0.6228975154616577
1641757,Jordan Miller,LAC,27.0,0.5839057679898154,0.5380714720137669,0.6285340520033179
1643018,LJ Cryer,GSW,25.0,0.5838899741960244,0.5265697413406105,0.6371185040598298
1641796,Pelle Larsson,MIA,26.0,0.5838584113933208,0.5399439135972275,0.6296139505415355
1630545,Terrence Shannon Jr.,MIN,26.0,0.5838379335623203,0.540182622369977,0.6281038491901603
1631245,Quenton Jackson,IND,28.0,0.583791440742119,0.5412730681428168,0.6284816452167133
1630322,Lindy Waters III,SAS,29.0,0.5837777072449668,0.5530785637385403,0.6169642035932598
1629014,Anfernee Simons,CHI,28.0,0.5837521082118327,0.5547696765501184,0.6149945082965611
1631230,Dominick Barlow,PHI,24.0,0.5836491086050617,0.5507809881902014,0.6173697741656534
1641871,Duop Reath,POR,31.0,0.5836134254983865,0.5436690169039131,0.6203708713177803
1629632,Coby White,CHA,27.0,0.583421850893264,0.5529993618726436,0.6140410914729038
1629622,Max Strus,CLE,31.0,0.5828734975777982,0.5519957272231028,0.6127003079720318
1629639,Tyler Herro,MIA,27.0,0.5826487547262875,0.5509977557870226,0.6108412037995054
1628370,Malik Monk,SAC,29.0,0.5825384665397084,0.5531688738474868,0.61315487206324
1628989,Kevin Huerter,DET,28.0,0.5823046164278538,0.5526247924682,0.6113109160525677
1631108,Max Christie,DAL,24.0,0.5822217726962144,0.5493467469345004,0.6170263020403797
1630552,Jalen Johnson,ATL,25.0,0.5821274032599518,0.5485938789882858,0.6148935896293898
201935,James Harden,CLE,37.0,0.5818820106340888,0.5511621120901236,0.6123802544851594
1629130,Duncan Robinson,DET,33.0,0.5816232284497008,0.5515676961434431,0.6114629836015031
1641824,Matas Buzelis,CHI,22.0,0.5813297432130728,0.5350631172625554,0.6245596772546413
1629656,Quentin Grimes,PHI,27.0,0.58117045469175,0.550094465354489,0.6112728518485473
201587,Nicolas Batum,LAC,38.0,0.5810535343552106,0.5485371073982608,0.611163062967584
1642266,Ja'Kobe Walter,TOR,22.0,0.5808710874503088,0.5355759681229852,0.625141365140827
1630202,Payton Pritchard,BOS,29.0,0.5805691812474415,0.5492328599861513,0.6092917492945915
1629731,Dean Wade,CLE,30.0,0.5804095668473992,0.5509514812648236,0.6104937618311991
1628991,Jaren Jackson Jr.,UTA,27.0,0.5802173295545119,0.5503225087845222,0.6112674777578375
1631097,Bennedict Mathurin,LAC,25.0,0.5801863256874806,0.5467013793079486,0.6132020757549945
1642261,Dalton Knecht,LAL,26.0,0.5801302990349653,0.5375927891538035,0.6260671304580832
1642281,Jaylon Tyson,CLE,24.0,0.5795929669546048,0.5355349561464975,0.6243465482962159
1642352,Keshad Johnson,MIA,26.0,0.5794907388751676,0.5247446331715049,0.634950198697575
1628368,De'Aaron Fox,SAS,29.0,0.5792365014209805,0.5505038594192614,0.6101057179018281
203926,Doug McDermott,SAC,35.0,0.5791188207212925,0.5501492651551131,0.6102539649920136
1630551,Justin Champagnie,WAS,26.0,0.5790556361682621,0.5451469096065846,0.6124140614292458
1642907,Cedric Coward,MEM,23.0,0.5788674417547822,0.5213449304008718,0.6366045111321499
1630172,Patrick Williams,CHI,25.0,0.5788320486179703,0.5486641596272943,0.6112734947642828
1630174,Aaron Nesmith,IND,27.0,0.5788209917451131,0.547158383340759,0.6093585265734316
1629599,Amir Coffey,PHX,30.0,0.5787931118750591,0.5493321047347038,0.6098585793021257
1641707,Taylor Hendricks,MEM,23.0,0.5787848549832733,0.5326186487479223,0.6209569485181368
1630166,Deni Avdija,POR,26.0,0.5786554721741518,0.547658734935137,0.6089737273411223
1630696,Dru Smith,MIA,29.0,0.5783213381566294,0.5350431847117982,0.6232113250938148
1630590,Scotty Pippen Jr.,MEM,26.0,0.5782036814753428,0.540827947535005,0.6166160206475229
1630193,Immanuel Quickley,TOR,28.0,0.5778984337446793,0.5489954316800387,0.6089336163225781
1642862,Liam McNeeley,CHA,21.0,0.5777688405381227,0.523898542054754,0.6360157776692956
203924,Jerami Grant,POR,33.0,0.5777325473083624,0.5490141486134672,0.6104274374158472
1627759,Jaylen Brown,BOS,30.0,0.5776548640877169,0.544772282202953,0.6067881732029294
1631121,Bryce McGowens,NOP,24.0,0.5776357252693878,0.5402332332329334,0.6136374674849396
1627742,Brandon Ingram,TOR,29.0,0.5775999638143735,0.5459229280809148,0.606156036437137
1628970,Miles Bridges,CHA,29.0,0.5774220843463745,0.5454761367878089,0.6105474965314603
1626172,Kevon Looney,NOP,31.0,0.5773692161821122,0.5480957614636733,0.6099291824726039
1642366,Quinten Post,GSW,27.0,0.5770543990155756,0.534608450851394,0.6217324406367848
1631170,Jaime Jaquez Jr.,MIA,26.0,0.5765235570129146,0.5383326887949395,0.6142757568520151
1629660,Ty Jerome,MEM,29.0,0.5763860976207602,0.5435304374445341,0.6117852572658512
1630529,Herbert Jones,NOP,28.0,0.5760992323854978,0.5464913149128693,0.6062207347354333
1631248,Baylor Scheierman,BOS,26.0,0.5758102436856171,0.5329305787182168,0.6217832542902508
1629004,Svi Mykhailiuk,UTA,30.0,0.5755608660923137,0.5438769250055228,0.605483639809889
1641718,Keyonte George,UTA,23.0,0.5755538071074842,0.5387014651688976,0.6146316863563557
1630170,Devin Vassell,SAS,26.0,0.5750859091995759,0.5459622805204598,0.6064178565919733
1631212,Peyton Watson,DEN,24.0,0.5749455530775445,0.5416841110374808,0.6080569721527077
1642863,Khaman Maluach,PHX,20.0,0.574841787693063,0.5196056684083142,0.6314875300893698
1626171,Bobby Portis Jr.,MIL,32.0,0.5747753364718493,0.5451132950782277,0.6074902283636469
1641890,Tyler Smith,DAL,22.0,0.5745872285394017,0.5304886776301538,0.6190014248209571
1642348,Justin Edwards,PHI,23.0,0.5741600788737161,0.5292939010308008,0.6179862331429941
1629680,Matisse Thybulle,POR,30.0,0.5741369144015819,0.5435926133523609,0.6046310120580701
1631342,Daeqwon Plowden,SAC,28.0,0.5734097882998217,0.516329085053065,0.6295960271846366
1628401,Derrick White,BOS,32.0,0.5731812449518623,0.5426735374716893,0.6035460300958502
1642272,Jared McCain,OKC,23.0,0.5731559581040023,0.5302939208680907,0.6199384795291834
1641739,Toumani Camara,POR,27.0,0.5726447032335131,0.5348908490177317,0.6103893434668304
201942,DeMar DeRozan,SAC,37.0,0.5725627458815198,0.541541706264596,0.6031457511460617
1642275,Tidjane Salaün,CHA,21.0,0.5724473989797336,0.5288908787374617,0.6185366126143774
1641775,Jordan Walsh,BOS,23.0,0.5723999535238161,0.52562770804653,0.6152871723914018
1631466,Nate Williams,GSW,28.0,0.5723265590864671,0.5344359697936356,0.6094348650187701
1628978,Donte DiVincenzo,MIN,30.0,0.5723217581021445,0.5424256487577357,0.6031066561989613
1641764,Brandin Podziemski,GSW,24.0,0.572219465000787,0.5338047456088602,0.6078380284777845
1641729,Brice Sensabaugh,UTA,23.0,0.5720399882105678,0.5348281807387734,0.6099697283458885
1641765,Olivier-Maxence Prosper,MEM,24.0,0.572027734867353,0.5321587074245672,0.6097888883932857
1629631,De'Andre Hunter,SAC,29.0,0.5718970584967185,0.5417114191557102,0.6036460251073145
202699,Tobias Harris,DET,34.0,0.5718919610071012,0.5416199724412007,0.6026892933640898
1642380,Adama Bal,MEM,23.0,0.5718169115076255,0.5181342526053101,0.6293318421982668
1627824,Guerschon Yabusele,CHI,31.0,0.5717155096990512,0.5283980161473989,0.617091589006037
2544,LeBron James,LAL,42.0,0.5714192452463701,0.5390548651369556,0.6032289906643484
1641713,GG Jackson,MEM,22.0,0.5711005569482293,0.5332642754466956,0.6106264392118032
1641706,Brandon Miller,CHA,24.0,0.5709744646129141,0.5323659409916823,0.6074704857363252
1642274,Yves Missi,NOP,23.0,0.5707934948249306,0.5276383781216729,0.6146632767321915
1628971,Bruce Brown,DEN,30.0,0.5707786485334102,0.5399190922913187,0.6005897471229005
1630567,Scottie Barnes,TOR,25.0,0.5703678863133965,0.5402501968702051,0.5999870426813168
203083,Andre Drummond,PHI,33.0,0.5703093153404395,0.538885721611356,0.6004872172815773
203994,Jusuf Nurkić,UTA,32.0,0.5701603799368937,0.5389313495380964,0.5998941009079324
1626192,Pat Connaughton,CHA,34.0,0.5700959941429296,0.5399702865361076,0.6006207509345767
1627741,Buddy Hield,ATL,34.0,0.5698660563228611,0.5398979672562639,0.5998609832427992
1631103,Malaki Branham,WAS,24.0,0.5697451843393112,0.5337767128987968,0.6017314312878086
1627783,Pascal Siakam,IND,33.0,0.5696432810742433,0.5384795881104388,0.6001056643253757
201143,Al Horford,GSW,41.0,0.5696401186459252,0.5382244448261723,0.6019312144937523
1629673,Jordan Poole,NOP,28.0,0.5695925713990161,0.5400688081281799,0.6007571291680417
1642859,Jase Richardson,ORL,21.0,0.5693850259759576,0.5131385906923632,0.627332381269585
1631099,Keegan Murray,SAC,26.0,0.569184222943144,0.5364596269275482,0.6027902339318881
1629630,Ja Morant,MEM,27.0,0.5691676421601716,0.5398043546309056,0.5999261571649773
201950,Jrue Holiday,POR,37.0,0.5691492459268942,0.5386100335994869,0.6003823395708422
1642377,Jaylen Wells,MEM,23.0,0.5689139916808537,0.5242071117115363,0.611828286879751
1641854,Craig Porter Jr.,CLE,27.0,0.5688724832682174,0.5321401624387472,0.6055475357996638
1642844,Dylan Harper,SAS,21.0,0.5688343420280192,0.5126993012439991,0.624833256992726
1629723,John Konchar,UTA,31.0,0.5687349024349065,0.5384470652758596,0.6004776100967146
1631095,Jabari Smith Jr.,HOU,24.0,0.5687024410507058,0.5352569947838105,0.6015351543190477
203484,Kentavious Caldwell-Pope,MEM,34.0,0.5685563392223157,0.5380856688395635,0.5993351749625492
201572,Brook Lopez,LAC,39.0,0.5684758547822234,0.5375759183178674,0.6000828591089881
1641771,Jalen Slawson,IND,27.0,0.5682889532541368,0.5101925205870053,0.6222207915263926
1641740,Jaylen Clark,MIN,25.0,0.568273158504051,0.5231056595050353,0.6117177260675402
1642258,Zaccharie Risacher,ATL,22.0,0.5682012603332915,0.5250704148161046,0.613097179588387
1629645,Kevin Porter Jr.,MIL,27.0,0.5679546864642234,0.5362185446061755,0.6016524840455828
1630702,Jaden Hardy,WAS,24.0,0.5674399638862083,0.534906044669358,0.6022544354679712
1630699,MarJon Beauchamp,PHI,26.0,0.5672318860281647,0.5329395969248041,0.5990663315843727
1629013,Landry Shamet,NYK,30.0,0.5672020099493246,0.5354688086759156,0.5963711452373375
1630619,Moussa Cisse,DAL,24.0,0.5670635194192292,0.5122087192484336,0.6240646659453499
1630163,LaMelo Ball,CHA,25.0,0.5670482544489089,0.5357117102659508,0.596811332220436
1631222,Jake LaRavia,LAL,25.0,0.5668767834788283,0.5333597072116067,0.6001597919949617
1629638,Nickeil Alexander-Walker,ATL,28.0,0.566804776654231,0.5355820524688885,0.5976013113416909
1641783,Tristan da Silva,ORL,26.0,0.5666651916509071,0.5222747340186575,0.6105949836042225
1629008,Michael Porter Jr.,BKN,29.0,0.5664285870179223,0.5359929826674745,0.5969079093160918
1642264,Stephon Castle,SAS,22.0,0.5662750599123263,0.5216875093933984,0.6089958061131713
1626220,Royce O'Neale,PHX,34.0,0.5660366262340103,0.5368190337233029,0.5974690734668412
1629162,Jordan McLaughlin,SAS,31.0,0.5652420404013513,0.5358254151692401,0.5953093374470435
1629628,RJ Barrett,TOR,27.0,0.5649671340187551,0.5346502496646296,0.595992446456527
1631094,Paolo Banchero,ORL,24.0,0.5649276405473173,0.5307081539079808,0.5964976313936577
1627936,Alex Caruso,OKC,33.0,0.5649226307832357,0.5334567805181363,0.5944847490133015
1629614,Andrew Nembhard,IND,27.0,0.5647672114956771,0.5314760219006616,0.5977357389561497
1641710,Anthony Black,ORL,23.0,0.5644432914911015,0.5259466726299419,0.6004901707505023
1630639,A.J. Lawson,TOR,26.0,0.5642788389106812,0.5269639571960658,0.6030914630504481
203952,Andrew Wiggins,MIA,32.0,0.564206453821019,0.5346238473616391,0.5932330302910666
1641715,Cam Whitmore,WAS,22.0,0.564180306940724,0.5266502091502833,0.6011784904103963
1631093,Jaden Ivey,CHI,25.0,0.5639849851871707,0.5296465602330795,0.5968730575596126
1628988,Aaron Holiday,HOU,30.0,0.5639572452175069,0.534402310711405,0.5941029364357447
1629026,Kenrich Williams,OKC,32.0,0.5637462983688343,0.5335479656080147,0.5948145308232777
1626156,D'Angelo Russell,WAS,31.0,0.5636426875394769,0.5327028502362673,0.5938838436496577
1630538,Bones Hyland,MIN,26.0,0.5633782110072697,0.5323031938167545,0.5935274674911879
1642882,Julian Reese,WAS,24.0,0.5632054949977143,0.5092749882057203,0.6194596388187265
1631101,Shaedon Sharpe,POR,24.0,0.562814092335901,0.5288821184701606,0.5957445657971806
1630623,Tyson Etienne,BKN,27.0,0.562797014539538,0.5188888108787099,0.606977074408444
1628997,Caleb Martin,DAL,31.0,0.5627159184726256,0.5323938404253417,0.5941561879052446
1630180,Saddiq Bey,NOP,28.0,0.5626810556810505,0.5305507989129533,0.596298258169982
203944,Julius Randle,MIN,32.0,0.5626208799683582,0.5314595094590476,0.592104419552791
1629023,P.J. Washington,DAL,28.0,0.5626023891961817,0.5317627996245708,0.5921117369050694
202331,Paul George,PHI,37.0,0.5624238002590887,0.5320029566662129,0.5942759753236985
1630230,Naji Marshall,DAL,29.0,0.5623314445346259,0.5332153508606573,0.5933540803126206
1642364,Jamir Watkins,WAS,25.0,0.5621762802409012,0.5102201267705261,0.6201936226278983
1630560,Cam Thomas,MIL,25.0,0.561881140143718,0.5317700571732469,0.5916550067985572
1631204,Marcus Sasser,DET,26.0,0.5618294247361859,0.5240211764439396,0.6002676543435922
1642864,Hugo González,BOS,21.0,0.5616997251901146,0.5022754125066534,0.6168498225229796
1641716,Jarace Walker,IND,23.0,0.5612418540165418,0.521985603978563,0.5981281274966279
1629018,Gary Trent Jr.,MIL,28.0,0.5611966376208696,0.5305953371154345,0.5909297794838252
1641711,Gradey Dick,TOR,23.0,0.5611213730606098,0.5236709520648792,0.5994953879477299
1642856,Egor Dëmin,BKN,21.0,0.5609071607100298,0.5055498756388096,0.6183099850579311
1631323,Simone Fontecchio,MIA,31.0,0.5608743807174187,0.5262779889768531,0.5946327035040819
1631133,Jabari Walker,PHI,24.0,0.5608742841452363,0.5277627625918986,0.5941312212870181
1641767,Ben Sheppard,IND,25.0,0.5604405032227494,0.5230884627991523,0.5996565242481443
1642878,Tyrese Proctor,CLE,23.0,0.5603094717113709,0.501403387158706,0.6161948088053963
1631199,Ron Harper Jr.,BOS,27.0,0.5598274457302268,0.5026211694312845,0.6161852934183403
1641772,Nae'Qwan Tomlin,CLE,26.0,0.5592989165425771,0.5005815953103301,0.6138285995118257
1630256,Jae'Sean Tate,HOU,31.0,0.5592955333772621,0.5287916724446966,0.5887498363484571
203110,Draymond Green,GSW,37.0,0.5592052880372287,0.5277296476788601,0.5889925024425674
1643016,Bez Mbeng,UTA,24.0,0.5589070618022931,0.5046202983488868,0.6152765686157293
1630533,Ziaire Williams,BKN,25.0,0.5588396267516412,0.5295771759798532,0.5903079126127242
1629652,Luguentz Dort,OKC,28.0,0.5585991121185607,0.5287848670131564,0.5888432743384471
203114,Khris Middleton,DAL,35.0,0.5585815995987957,0.5264390988988752,0.5867852625107222
1628398,Kyle Kuzma,MIL,31.0,0.5584523880612878,0.5282580047459811,0.5896790470093419
1629618,Jalen Pickett,DEN,27.0,0.5581267578243806,0.5160508633529798,0.6019645514937599
1641709,Ausar Thompson,DET,24.0,0.557823171927915,0.5184151910205225,0.594716956215965
204456,T.J. McConnell,IND,35.0,0.5577315205965454,0.5267518739900565,0.589057942899514
1626162,Kelly Oubre Jr.,PHI,31.0,0.5577112029170328,0.5261363317435174,0.5862232313452973
201567,Kevin Love,UTA,38.0,0.5572654989545396,0.5253014942812596,0.5891587925201679
1631107,Nikola Jović,MIA,24.0,0.5571732676823042,0.5237515902821461,0.5921912435720794
1630558,Davion Mitchell,MIA,28.0,0.5570109092963547,0.5265305492222722,0.5864922816113939
203992,Bogdan Bogdanović,LAC,34.0,0.5569614135918444,0.5248281346679184,0.5862852537005118
1642267,Bub Carrington,WAS,21.0,0.5567876565929233,0.5113929295629029,0.6011779140033043
1630583,Santi Aldama,MEM,26.0,0.5566839983153534,0.528308236833254,0.5881630234910331
1642268,Isaiah Collier,UTA,22.0,0.5566629812979241,0.5124261767427255,0.6015742069089237
1627749,Dejounte Murray,NOP,30.0,0.5565545929575797,0.5275470652234234,0.5873690758809073
201144,Mike Conley,MIN,39.0,0.556199032693824,0.5243736087086066,0.5870247712483958
1642885,Mohamed Diawara,NYK,22.0,0.5560777208428642,0.5020185571354393,0.6137020113324438
1631124,Julian Strawther,DEN,25.0,0.5558487191227474,0.5164422541556487,0.5929601224290558
203468,CJ McCollum,ATL,35.0,0.5556721274743092,0.5246727757222273,0.5856668857834955
1641763,Julian Phillips,MIN,23.0,0.5551412258599082,0.5174142338905141,0.5921327756154965
1642273,Kyshawn George,WAS,23.0,0.5550004062293176,0.5094425204286008,0.5964272673610547
1630591,Jalen Suggs,ORL,26.0,0.5549442648487218,0.5254453881934785,0.5854042821804141
1630224,Jalen Green,PHX,25.0,0.5548143322995226,0.521820794711998,0.5842929156589486
1630173,Precious Achiuwa,SAC,27.0,0.5547946420031642,0.5243549068306134,0.5853955122103234
1631110,Jeremy Sochan,NYK,24.0,0.5545456612558821,0.5209749658250941,0.5876186387738611
1641724,Jett Howard,ORL,23.0,0.55444868494297,0.5096495443523957,0.5992706140634921
1630592,Jalen Wilson,BKN,26.0,0.5542411388687949,0.516772054433323,0.5930635183470107
203500,Steven Adams,HOU,33.0,0.5540509059360091,0.5214499625298064,0.5878221155768926
1629006,Josh Okogie,HOU,28.0,0.553899163490139,0.5243961549297501,0.5837430913128355
1641731,Bilal Coulibaly,WAS,22.0,0.5538823314574308,0.5171505988516633,0.5902918824595444
1641842,Ronald Holland II,DET,21.0,0.5536564000184133,0.5099407506884198,0.5966126417454509
1641778,Leaky Black,WAS,28.0,0.553450935174809,0.5107616018424053,0.598229303645122
1641727,Dariq Whitehead,MEM,22.0,0.5534464341582566,0.5089337177173281,0.5988410821866414
1630581,Josh Giddey,CHI,24.0,0.5534028588315362,0.52264838040868,0.5830954568058574
1627739,Kris Dunn,LAC,33.0,0.5531612050192241,0.5216940772925052,0.5832133802820103
1642852,Derik Queen,NOP,22.0,0.5530647371534374,0.4966027228279661,0.6102854071336431
203501,Tim Hardaway Jr.,DEN,35.0,0.553051982445688,0.5230332788579952,0.5841086770083759
1631243,Mouhamed Gueye,ATL,24.0,0.552828086700944,0.5101191959666999,0.5961587127114373
1631246,Vince Williams Jr.,UTA,26.0,0.5525138522510831,0.5126529882534756,0.5900210139083051
202696,Nikola Vučević,BOS,36.0,0.5521240743453157,0.5210136138511643,0.583093181719207
1642860,Will Riley,WAS,21.0,0.5521086959938434,0.4941560476721884,0.6057451325423057
1642277,Johnny Furphy,IND,22.0,0.552001245796737,0.5078775957414584,0.5965811252776112
1641738,Kobe Brown,IND,27.0,0.5513963724724905,0.5137215518762125,0.5890294999653257
1630534,Ochai Agbaji,BKN,27.0,0.5502085777505453,0.5171918456480978,0.5847233810031419
1642843,Cooper Flagg,DAL,20.0,0.5494755646383371,0.49302046169674957,0.6044521871319949
1630595,Cade Cunningham,DET,25.0,0.5487988618410744,0.5179819119359417,0.5801567056349263
1642346,Ryan Dunn,PHX,24.0,0.5487875813284029,0.5048578401747643,0.5936958958181479
1642263,Reed Sheppard,HOU,23.0,0.5487092590149524,0.5052659799634074,0.5935965218119122
1630526,Jeremiah Robinson-Earl,DAL,26.0,0.5485347777690892,0.5177193239149369,0.578661603725655
202691,Klay Thompson,DAL,37.0,0.5485084388455901,0.5184871873281758,0.5786496242602455
1641733,Nick Smith Jr.,LAL,23.0,0.5480871091544006,0.5111915405385741,0.5863632998761674
201145,Jeff Green,HOU,40.0,0.5480799033734516,0.5155592003374297,0.5795822234021863
1630700,Dyson Daniels,ATL,24.0,0.5477955230139635,0.5132521724773692,0.5815715313558242
1642845,VJ Edgecombe,PHI,21.0,0.5474405860585543,0.48960918464282316,0.6019564869392504
1629001,De'Anthony Melton,GSW,29.0,0.5473071842092119,0.5163581226482232,0.5767584331361066
1642883,Sion James,CHA,24.0,0.54697987323104,0.48877540327063446,0.6032914612031645
1630175,Cole Anthony,MIL,27.0,0.5467901716324352,0.5181562509828247,0.5774217922038405
1628467,Maxi Kleber,LAL,35.0,0.5464712762820455,0.5142470839104538,0.5773756412312719
1630703,Scoot Henderson,POR,23.0,0.5458944918390368,0.5084295247417431,0.5836912986155091
1631106,Tari Eason,HOU,26.0,0.5458776545882609,0.5130662742659753,0.5804730821388177
203935,Marcus Smart,LAL,33.0,0.5451500708297677,0.515303483181963,0.574220285023456
1642959,Chris Youngblood,POR,25.0,0.5450864355028134,0.48804837408011326,0.6001526612684509
1629216,Gabe Vincent,ATL,31.0,0.5450362556782357,0.5123668897252243,0.5795044173125437
1628371,Jonathan Isaac,ORL,29.0,0.545005475280117,0.5096817409165547,0.5790507623410741
1631207,Dalen Terry,PHI,24.0,0.544990939695951,0.510135769127379,0.5763181146046874
1630587,Isaiah Livers,PHX,28.0,0.5448396825542227,0.5117939562408462,0.5805344675877705
1630631,Jose Alvarado,NYK,29.0,0.5446201511961354,0.5159881631734596,0.5766587366880362
1631172,Ousmane Dieng,MIL,24.0,0.5445542883195005,0.5118837683709061,0.5763104878816128
203937,Kyle Anderson,MIN,33.0,0.544541175554375,0.5143385702779374,0.5743150514266637
1642848,Tre Johnson,WAS,21.0,0.5443181156016267,0.486137395119343,0.6007086720881007
1642259,Alex Sarr,WAS,22.0,0.5443100087201158,0.5002722062724358,0.5873088867869589
1641748,Andre Jackson Jr.,MIL,25.0,0.5435473656273202,0.5037159049133986,0.5804813841367701
1642450,Daniss Jenkins,DET,25.0,0.5432060837907264,0.4891946382436944,0.59852996068042
1631123,Jamaree Bouyea,PHX,28.0,0.5426272681180982,0.48333666121605023,0.5976499897480018
1626145,Tyus Jones,DEN,31.0,0.5421005393357579,0.512418335830619,0.5742737655992068
203471,Dennis Schröder,CLE,33.0,0.5417364667287907,0.510445107959856,0.5716410288201471
1631174,Tyler Burton,MEM,27.0,0.5412530467462753,0.4870656165944322,0.5979661634670476
1642846,Ace Bailey,UTA,20.0,0.5411137299846086,0.48288866444641326,0.5959714751509811
1642383,Walter Clayton Jr.,MEM,24.0,0.5407298003825463,0.4848382484183151,0.5970616065703428
1630811,Keaton Wallace,ATL,28.0,0.5394340993333993,0.4933849686074367,0.5827864634659289
1642868,Carter Bryant,SAS,21.0,0.5393109919855027,0.4834967770623042,0.5971334892594831
1642502,Malevy Leons,GSW,27.0,0.5389529210970969,0.48229851304844445,0.5935410475492818
1643007,Taelon Peter,IND,25.0,0.5388037896680441,0.4841282676031616,0.5933757798973895
1642874,Danny Wolf,BKN,23.0,0.5388037489386213,0.4845424715461167,0.5956154880452321
1631213,Tyrese Martin,PHI,28.0,0.5387167124237617,0.4947582955794177,0.5833353520623874
1630679,Ethan Thompson,IND,28.0,0.5381310455625178,0.48278516052070314,0.596684301027702
1642530,Yuki Kawamura,CHI,26.0,0.5376666892319986,0.48279127739446553,0.5949261944878863
203903,Jordan Clarkson,NYK,35.0,0.5373151119470547,0.5065529186236623,0.56873977957599
1627747,Caris LeVert,DET,32.0,0.5370064941333397,0.507684009716046,0.5688573932449724
1631132,Christian Koloko,ATL,27.0,0.5369953541113406,0.4999554166428324,0.5757261807594058
1627827,Dorian Finney-Smith,HOU,34.0,0.5358638267093447,0.505688154995463,0.5677888832379102
1642847,Jeremiah Fears,NOP,20.0,0.5358536983672052,0.4781286633164167,0.591051963138311
1642962,Drake Powell,BKN,21.0,0.5358431641074531,0.4790156084620111,0.5907369459988495
1642853,Rasheer Fleming,PHX,22.0,0.5356745922362166,0.4767077023156625,0.5913365868552624
1628975,Jevon Carter,ORL,31.0,0.5355637195087373,0.5050300253690908,0.5669891250015981
1631321,Sidy Cissoko,POR,23.0,0.5345007614628963,0.47881539537811374,0.5899982844024882
1641722,Jordan Hawkins,NOP,25.0,0.5338206944155225,0.4955273565418398,0.5717779153788547
1642278,Tyler Kolek,NYK,26.0,0.5336826515329024,0.486241077126123,0.5749665290454326
1628415,Dillon Brooks,PHX,31.0,0.533438435654826,0.5031148243535314,0.5625074902475026
1628366,Lonzo Ball,CLE,29.0,0.5329973541094846,0.4961841340392736,0.5728303818813368
1631200,Kris Murray,POR,26.0,0.5327384819068575,0.49499530479895815,0.5717129290803263
1630314,Brandon Williams,DAL,27.0,0.5323790527605394,0.4963102061907598,0.5670512968749846
1630540,Miles McBride,NYK,26.0,0.5318578750124068,0.49914803104797784,0.5618868186340118
1626166,Cameron Payne,PHI,32.0,0.5315468038867047,0.5003426204402546,0.5609774828077926
1642363,Nique Clifford,SAC,25.0,0.5308296123562474,0.4754770232171241,0.5886177730876715
1642869,Noah Penda,ORL,22.0,0.5288418515966052,0.4720431639089477,0.5853418899459395
1630544,Tre Mann,CHA,26.0,0.5287446041260967,0.4979507110580994,0.559061252767034
1630644,Mac McClung,CHI,28.0,0.5287207138888107,0.4748075569237218,0.5863293323310591
1642347,Jamal Shead,TOR,24.0,0.5283951711009327,0.484795986875923,0.5743611739397008
1642269,Devin Carter,SAC,25.0,0.5273562654512118,0.48412269671607655,0.5719571441712922
1630692,Jordan Goodwin,PHX,28.0,0.5256859210838225,0.4915658176927823,0.5601549917991531
1631126,Caleb Love,POR,25.0,0.5251354542256913,0.47123552605253277,0.5814141792987814
1630311,Pat Spencer,GSW,30.0,0.5248523253277496,0.4807456796527084,0.5696974128225604
1642948,Ryan Nembhard,DAL,24.0,0.52248301450227,0.4680210121117259,0.5777892116088763
1642262,Cody Williams,UTA,22.0,0.522334061622079,0.47854502284983697,0.5674985598058955
1642355,Bronny James,LAL,22.0,0.521214520072961,0.4733348284727135,0.5644022250426703
1642265,Rob Dillingham,CHI,22.0,0.519995862239222,0.4752143250814895,0.5641582186924606
1642260,Nikola Topić,OKC,21.0,0.5151497711567797,0.45881101318503087,0.5711639358915835
1642879,Ben Saraf,BKN,21.0,0.5139176265320515,0.45844802085930564,0.5706243859067007
1631104,Blake Wesley,POR,24.0,0.5136529492995644,0.4807440178760325,0.5487364126308677
1631113,Kennedy Chandler,UTA,24.0,0.5134659917627541,0.47025064389749294,0.5591498650409241
1631120,JD Davison,HOU,24.0,0.5128892047657329,0.45536703490401276,0.5694481429007742
1642353,Cam Christie,LAC,21.0,0.512090815650838,0.45548643787560295,0.5663605596833783
1641712,Rayan Rupert,MEM,23.0,0.5118982721116873,0.4712530777141715,0.5494893170684334
1641989,Elijah Harkless,UTA,27.0,0.5101966958024614,0.45366518982461923,0.5653994778968959
1642880,Kam Jones,IND,25.0,0.5092684791589673,0.4569113946218837,0.5656741386553901
1642849,Nolan Traore,BKN,21.0,0.5092085533241203,0.45041812178308666,0.5632864080916213
201566,Russell Westbrook,SAC,38.0,0.5088513663114351,0.47791578680510394,0.5395506462587426
1642950,Lachlan Olbrich,CHI,23.0,0.5075755092946169,0.4518799950448726,0.564088750960853
1631351,Lucas Williamson,MEM,28.0,0.5074177733647909,0.44939308466199424,0.5637402384195427
101108,Chris Paul,LAC,42.0,0.5058046992945583,0.4733693011832704,0.5392859385446368
1642877,Micah Peavy,NOP,25.0,0.49995324458745993,0.4417110705245894,0.5556897980550127
1642942,Jahmai Mashack,MEM,24.0,0.49931567304620206,0.441730867230301,0.5558422089797963
1642964,Brooks Barnhizer,OKC,25.0,0.4975654868460042,0.44079473428482346,0.5552691156533156
1642358,AJ Johnson,DAL,22.0,0.49270675946124864,0.44923645356000685,0.5375786446654728
1641816,Hunter Tyson,DEN,27.0,0.49260140165248073,0.4480930265232496,0.5365247458354739
1642404,Chaz Lanier,DET,25.0,0.48784446437985024,0.42813318029367775,0.5417129622264588
1642354,KJ Simpson,DEN,24.0,0.4878162189479274,0.44456387195137276,0.5334532035387641
1642918,Alijah Martin,TOR,25.0,0.48772135512698267,0.4303213893262647,0.5467812383032269
1642484,RayJ Dennis,ATL,26.0,0.4804492266249765,0.4259120517316024,0.5363844063599469
1630165,Killian Hayes,SAC,25.0,0.476966454832768,0.44210950230975044,0.5102369681062197
1643253,Toby Okani,MEM,25.0,0.4706069597910894,0.4132181712567519,0.5260211455784214
1642905,Yang Hansen,POR,22.0,0.46942609907943655,0.41469030796463807,0.5249645720937375
1630610,DeJon Jarreau,MEM,29.0,0.4668701730901441,0.42520511736857625,0.5148329197967985
